{
  "type": "FeatureCollection",
  "features": [
    {
      "type": "Feature",
      "geometry": {
        "type": "Point",
        "coordinates": [
          88.721093,
          26.534722
        ]
      },
      "properties": {
        "id": "demo-0001",
        "complaintNumber": "CJPL-20240601-0001",
        "category": "GARBAGE",
        "status": "SUBMITTED",
        "priorityScore": 47,
        "wardNumber": 9,
        "wardName": "Dinbazar",
        "submittedAt": "2026-05-10T08:00:55.484379",
        "color": "#ef4444",
        "description": "Sample garbage complaint in Dinbazar"
      }
    },
    {
      "type": "Feature",
      "geometry": {
        "type": "Point",
        "coordinates": [
          88.710353,
          26.535499
        ]
      },
      "properties": {
        "id": "demo-0002",
        "complaintNumber": "CJPL-20240601-0002",
        "category": "ROAD_DAMAGE",
        "status": "SUBMITTED",
        "priorityScore": 92,
        "wardNumber": 11,
        "wardName": "Rajganj Road",
        "submittedAt": "2026-03-23T02:00:55.484548",
        "color": "#f97316",
        "description": "Sample road damage complaint in Rajganj Road"
      }
    },
    {
      "type": "Feature",
      "geometry": {
        "type": "Point",
        "coordinates": [
          88.728284,
          26.546754
        ]
      },
      "properties": {
        "id": "demo-0003",
        "complaintNumber": "CJPL-20240601-0003",
        "category": "STREETLIGHT_FAILURE",
        "status": "ASSIGNED",
        "priorityScore": 57,
        "wardNumber": 5,
        "wardName": "Hospital Para",
        "submittedAt": "2026-04-22T02:00:55.484569",
        "color": "#eab308",
        "description": "Sample streetlight failure complaint in Hospital Para"
      }
    },
    {
      "type": "Feature",
      "geometry": {
        "type": "Point",
        "coordinates": [
          88.733896,
          26.540199
        ]
      },
      "properties": {
        "id": "demo-0004",
        "complaintNumber": "CJPL-20240601-0004",
        "category": "ILLEGAL_DUMPING",
        "status": "IN_PROGRESS",
        "priorityScore": 90,
        "wardNumber": 7,
        "wardName": "Khagrabari",
        "submittedAt": "2026-05-30T03:00:55.484583",
        "color": "#ec4899",
        "description": "Sample illegal dumping complaint in Khagrabari"
      }
    },
    {
      "type": "Feature",
      "geometry": {
        "type": "Point",
        "coordinates": [
          88.699751,
          26.552083
        ]
      },
      "properties": {
        "id": "demo-0005",
        "complaintNumber": "CJPL-20240601-0005",
        "category": "GARBAGE",
        "status": "CLOSED",
        "priorityScore": 40,
        "wardNumber": 1,
        "wardName": "Kadamtala",
        "submittedAt": "2026-04-03T01:00:55.484593",
        "color": "#ef4444",
        "description": "Sample garbage complaint in Kadamtala"
      }
    },
    {
      "type": "Feature",
      "geometry": {
        "type": "Point",
        "coordinates": [
          88.716131,
          26.533172
        ]
      },
      "properties": {
        "id": "demo-0006",
        "complaintNumber": "CJPL-20240601-0006",
        "category": "GARBAGE",
        "status": "SUBMITTED",
        "priorityScore": 86,
        "wardNumber": 9,
        "wardName": "Dinbazar",
        "submittedAt": "2026-05-21T04:00:55.484605",
        "color": "#ef4444",
        "description": "Sample garbage complaint in Dinbazar"
      }
    },
    {
      "type": "Feature",
      "geometry": {
        "type": "Point",
        "coordinates": [
          88.700228,
          26.537059
        ]
      },
      "properties": {
        "id": "demo-0007",
        "complaintNumber": "CJPL-20240601-0007",
        "category": "GARBAGE",
        "status": "SUBMITTED",
        "priorityScore": 83,
        "wardNumber": 13,
        "wardName": "Babu Para",
        "submittedAt": "2026-04-11T18:00:55.484615",
        "color": "#ef4444",
        "description": "Sample garbage complaint in Babu Para"
      }
    },
    {
      "type": "Feature",
      "geometry": {
        "type": "Point",
        "coordinates": [
          88.719437,
          26.551824
        ]
      },
      "properties": {
        "id": "demo-0008",
        "complaintNumber": "CJPL-20240601-0008",
        "category": "DRAINAGE",
        "status": "ASSIGNED",
        "priorityScore": 81,
        "wardNumber": 3,
        "wardName": "Rajbari",
        "submittedAt": "2026-05-24T19:00:55.484625",
        "color": "#8b5cf6",
        "description": "Sample drainage complaint in Rajbari"
      }
    },
    {
      "type": "Feature",
      "geometry": {
        "type": "Point",
        "coordinates": [
          88.700665,
          26.535125
        ]
      },
      "properties": {
        "id": "demo-0009",
        "complaintNumber": "CJPL-20240601-0009",
        "category": "WATER_LEAKAGE",
        "status": "IN_PROGRESS",
        "priorityScore": 75,
        "wardNumber": 13,
        "wardName": "Babu Para",
        "submittedAt": "2026-05-25T19:00:55.484635",
        "color": "#3b82f6",
        "description": "Sample water leakage complaint in Babu Para"
      }
    },
    {
      "type": "Feature",
      "geometry": {
        "type": "Point",
        "coordinates": [
          88.718506,
          26.548426
        ]
      },
      "properties": {
        "id": "demo-0010",
        "complaintNumber": "CJPL-20240601-0010",
        "category": "STREETLIGHT_FAILURE",
        "status": "IN_PROGRESS",
        "priorityScore": 82,
        "wardNumber": 3,
        "wardName": "Rajbari",
        "submittedAt": "2026-05-22T11:00:55.484645",
        "color": "#eab308",
        "description": "Sample streetlight failure complaint in Rajbari"
      }
    },
    {
      "type": "Feature",
      "geometry": {
        "type": "Point",
        "coordinates": [
          88.722617,
          26.541964
        ]
      },
      "properties": {
        "id": "demo-0011",
        "complaintNumber": "CJPL-20240601-0011",
        "category": "GARBAGE",
        "status": "SUBMITTED",
        "priorityScore": 70,
        "wardNumber": 4,
        "wardName": "Station Para",
        "submittedAt": "2026-05-15T12:00:55.484656",
        "color": "#ef4444",
        "description": "Sample garbage complaint in Station Para"
      }
    },
    {
      "type": "Feature",
      "geometry": {
        "type": "Point",
        "coordinates": [
          88.717175,
          26.550904
        ]
      },
      "properties": {
        "id": "demo-0012",
        "complaintNumber": "CJPL-20240601-0012",
        "category": "ROAD_DAMAGE",
        "status": "SUBMITTED",
        "priorityScore": 94,
        "wardNumber": 3,
        "wardName": "Rajbari",
        "submittedAt": "2026-06-01T19:00:55.484664",
        "color": "#f97316",
        "description": "Sample road damage complaint in Rajbari"
      }
    },
    {
      "type": "Feature",
      "geometry": {
        "type": "Point",
        "coordinates": [
          88.732091,
          26.540973
        ]
      },
      "properties": {
        "id": "demo-0013",
        "complaintNumber": "CJPL-20240601-0013",
        "category": "WATER_LEAKAGE",
        "status": "ASSIGNED",
        "priorityScore": 79,
        "wardNumber": 7,
        "wardName": "Khagrabari",
        "submittedAt": "2026-04-20T18:00:55.484674",
        "color": "#3b82f6",
        "description": "Sample water leakage complaint in Khagrabari"
      }
    },
    {
      "type": "Feature",
      "geometry": {
        "type": "Point",
        "coordinates": [
          88.722635,
          26.55032
        ]
      },
      "properties": {
        "id": "demo-0014",
        "complaintNumber": "CJPL-20240601-0014",
        "category": "GARBAGE",
        "status": "ASSIGNED",
        "priorityScore": 86,
        "wardNumber": 4,
        "wardName": "Station Para",
        "submittedAt": "2026-04-20T13:00:55.484683",
        "color": "#ef4444",
        "description": "Sample garbage complaint in Station Para"
      }
    },
    {
      "type": "Feature",
      "geometry": {
        "type": "Point",
        "coordinates": [
          88.698375,
          26.532385
        ]
      },
      "properties": {
        "id": "demo-0015",
        "complaintNumber": "CJPL-20240601-0015",
        "category": "GARBAGE",
        "status": "RESOLVED",
        "priorityScore": 57,
        "wardNumber": 13,
        "wardName": "Babu Para",
        "submittedAt": "2026-04-30T22:00:55.484691",
        "color": "#ef4444",
        "description": "Sample garbage complaint in Babu Para"
      }
    },
    {
      "type": "Feature",
      "geometry": {
        "type": "Point",
        "coordinates": [
          88.72121,
          26.546202
        ]
      },
      "properties": {
        "id": "demo-0016",
        "complaintNumber": "CJPL-20240601-0016",
        "category": "GARBAGE",
        "status": "RESOLVED",
        "priorityScore": 86,
        "wardNumber": 5,
        "wardName": "Hospital Para",
        "submittedAt": "2026-05-31T18:00:55.484700",
        "color": "#ef4444",
        "description": "Sample garbage complaint in Hospital Para"
      }
    },
    {
      "type": "Feature",
      "geometry": {
        "type": "Point",
        "coordinates": [
          88.716394,
          26.533441
        ]
      },
      "properties": {
        "id": "demo-0017",
        "complaintNumber": "CJPL-20240601-0017",
        "category": "STREETLIGHT_FAILURE",
        "status": "RESOLVED",
        "priorityScore": 46,
        "wardNumber": 10,
        "wardName": "Kotwali",
        "submittedAt": "2026-04-10T11:00:55.484709",
        "color": "#eab308",
        "description": "Sample streetlight failure complaint in Kotwali"
      }
    },
    {
      "type": "Feature",
      "geometry": {
        "type": "Point",
        "coordinates": [
          88.71942,
          26.533226
        ]
      },
      "properties": {
        "id": "demo-0018",
        "complaintNumber": "CJPL-20240601-0018",
        "category": "DRAINAGE",
        "status": "IN_PROGRESS",
        "priorityScore": 78,
        "wardNumber": 9,
        "wardName": "Dinbazar",
        "submittedAt": "2026-05-05T01:00:55.484739",
        "color": "#8b5cf6",
        "description": "Sample drainage complaint in Dinbazar"
      }
    },
    {
      "type": "Feature",
      "geometry": {
        "type": "Point",
        "coordinates": [
          88.700131,
          26.536049
        ]
      },
      "properties": {
        "id": "demo-0019",
        "complaintNumber": "CJPL-20240601-0019",
        "category": "WATER_LEAKAGE",
        "status": "ASSIGNED",
        "priorityScore": 74,
        "wardNumber": 13,
        "wardName": "Babu Para",
        "submittedAt": "2026-05-16T11:00:55.484759",
        "color": "#3b82f6",
        "description": "Sample water leakage complaint in Babu Para"
      }
    },
    {
      "type": "Feature",
      "geometry": {
        "type": "Point",
        "coordinates": [
          88.735545,
          26.542837
        ]
      },
      "properties": {
        "id": "demo-0020",
        "complaintNumber": "CJPL-20240601-0020",
        "category": "GARBAGE",
        "status": "RESOLVED",
        "priorityScore": 63,
        "wardNumber": 20,
        "wardName": "Paschim Palli",
        "submittedAt": "2026-05-19T22:00:55.484770",
        "color": "#ef4444",
        "description": "Sample garbage complaint in Paschim Palli"
      }
    },
    {
      "type": "Feature",
      "geometry": {
        "type": "Point",
        "coordinates": [
          88.728428,
          26.545759
        ]
      },
      "properties": {
        "id": "demo-0021",
        "complaintNumber": "CJPL-20240601-0021",
        "category": "STREETLIGHT_FAILURE",
        "status": "ASSIGNED",
        "priorityScore": 30,
        "wardNumber": 5,
        "wardName": "Hospital Para",
        "submittedAt": "2026-04-20T20:00:55.484780",
        "color": "#eab308",
        "description": "Sample streetlight failure complaint in Hospital Para"
      }
    },
    {
      "type": "Feature",
      "geometry": {
        "type": "Point",
        "coordinates": [
          88.715579,
          26.531789
        ]
      },
      "properties": {
        "id": "demo-0022",
        "complaintNumber": "CJPL-20240601-0022",
        "category": "ILLEGAL_DUMPING",
        "status": "CLOSED",
        "priorityScore": 95,
        "wardNumber": 10,
        "wardName": "Kotwali",
        "submittedAt": "2026-05-20T14:00:55.484793",
        "color": "#ec4899",
        "description": "Sample illegal dumping complaint in Kotwali"
      }
    },
    {
      "type": "Feature",
      "geometry": {
        "type": "Point",
        "coordinates": [
          88.730038,
          26.5421
        ]
      },
      "properties": {
        "id": "demo-0023",
        "complaintNumber": "CJPL-20240601-0023",
        "category": "STREETLIGHT_FAILURE",
        "status": "IN_PROGRESS",
        "priorityScore": 66,
        "wardNumber": 6,
        "wardName": "Netaji Para",
        "submittedAt": "2026-03-31T17:00:55.484810",
        "color": "#eab308",
        "description": "Sample streetlight failure complaint in Netaji Para"
      }
    },
    {
      "type": "Feature",
      "geometry": {
        "type": "Point",
        "coordinates": [
          88.70021,
          26.552711
        ]
      },
      "properties": {
        "id": "demo-0024",
        "complaintNumber": "CJPL-20240601-0024",
        "category": "GARBAGE",
        "status": "SUBMITTED",
        "priorityScore": 83,
        "wardNumber": 16,
        "wardName": "Kachhari Para",
        "submittedAt": "2026-06-03T00:00:55.484821",
        "color": "#ef4444",
        "description": "Sample garbage complaint in Kachhari Para"
      }
    },
    {
      "type": "Feature",
      "geometry": {
        "type": "Point",
        "coordinates": [
          88.72717,
          26.550523
        ]
      },
      "properties": {
        "id": "demo-0025",
        "complaintNumber": "CJPL-20240601-0025",
        "category": "DRAINAGE",
        "status": "ASSIGNED",
        "priorityScore": 80,
        "wardNumber": 19,
        "wardName": "Purba Jalpaiguri",
        "submittedAt": "2026-05-29T06:00:55.484838",
        "color": "#8b5cf6",
        "description": "Sample drainage complaint in Purba Jalpaiguri"
      }
    },
    {
      "type": "Feature",
      "geometry": {
        "type": "Point",
        "coordinates": [
          88.729014,
          26.542394
        ]
      },
      "properties": {
        "id": "demo-0026",
        "complaintNumber": "CJPL-20240601-0026",
        "category": "STREETLIGHT_FAILURE",
        "status": "CLOSED",
        "priorityScore": 79,
        "wardNumber": 7,
        "wardName": "Khagrabari",
        "submittedAt": "2026-03-14T15:00:55.484848",
        "color": "#eab308",
        "description": "Sample streetlight failure complaint in Khagrabari"
      }
    },
    {
      "type": "Feature",
      "geometry": {
        "type": "Point",
        "coordinates": [
          88.729217,
          26.542256
        ]
      },
      "properties": {
        "id": "demo-0027",
        "complaintNumber": "CJPL-20240601-0027",
        "category": "GARBAGE",
        "status": "IN_PROGRESS",
        "priorityScore": 78,
        "wardNumber": 8,
        "wardName": "Ananda Para",
        "submittedAt": "2026-03-13T05:00:55.484857",
        "color": "#ef4444",
        "description": "Sample garbage complaint in Ananda Para"
      }
    },
    {
      "type": "Feature",
      "geometry": {
        "type": "Point",
        "coordinates": [
          88.712166,
          26.531668
        ]
      },
      "properties": {
        "id": "demo-0028",
        "complaintNumber": "CJPL-20240601-0028",
        "category": "DRAINAGE",
        "status": "CLOSED",
        "priorityScore": 60,
        "wardNumber": 11,
        "wardName": "Rajganj Road",
        "submittedAt": "2026-03-17T06:00:55.484867",
        "color": "#8b5cf6",
        "description": "Sample drainage complaint in Rajganj Road"
      }
    },
    {
      "type": "Feature",
      "geometry": {
        "type": "Point",
        "coordinates": [
          88.714987,
          26.533983
        ]
      },
      "properties": {
        "id": "demo-0029",
        "complaintNumber": "CJPL-20240601-0029",
        "category": "GARBAGE",
        "status": "RESOLVED",
        "priorityScore": 72,
        "wardNumber": 10,
        "wardName": "Kotwali",
        "submittedAt": "2026-05-31T23:00:55.484875",
        "color": "#ef4444",
        "description": "Sample garbage complaint in Kotwali"
      }
    },
    {
      "type": "Feature",
      "geometry": {
        "type": "Point",
        "coordinates": [
          88.710778,
          26.534591
        ]
      },
      "properties": {
        "id": "demo-0030",
        "complaintNumber": "CJPL-20240601-0030",
        "category": "DRAINAGE",
        "status": "IN_PROGRESS",
        "priorityScore": 63,
        "wardNumber": 11,
        "wardName": "Rajganj Road",
        "submittedAt": "2026-04-19T19:00:55.484884",
        "color": "#8b5cf6",
        "description": "Sample drainage complaint in Rajganj Road"
      }
    },
    {
      "type": "Feature",
      "geometry": {
        "type": "Point",
        "coordinates": [
          88.728432,
          26.539879
        ]
      },
      "properties": {
        "id": "demo-0031",
        "complaintNumber": "CJPL-20240601-0031",
        "category": "GARBAGE",
        "status": "IN_PROGRESS",
        "priorityScore": 67,
        "wardNumber": 8,
        "wardName": "Ananda Para",
        "submittedAt": "2026-03-30T22:00:55.484892",
        "color": "#ef4444",
        "description": "Sample garbage complaint in Ananda Para"
      }
    },
    {
      "type": "Feature",
      "geometry": {
        "type": "Point",
        "coordinates": [
          88.701437,
          26.551316
        ]
      },
      "properties": {
        "id": "demo-0032",
        "complaintNumber": "CJPL-20240601-0032",
        "category": "GARBAGE",
        "status": "SUBMITTED",
        "priorityScore": 51,
        "wardNumber": 16,
        "wardName": "Kachhari Para",
        "submittedAt": "2026-04-09T18:00:55.484902",
        "color": "#ef4444",
        "description": "Sample garbage complaint in Kachhari Para"
      }
    },
    {
      "type": "Feature",
      "geometry": {
        "type": "Point",
        "coordinates": [
          88.70619,
          26.528597
        ]
      },
      "properties": {
        "id": "demo-0033",
        "complaintNumber": "CJPL-20240601-0033",
        "category": "GARBAGE",
        "status": "IN_PROGRESS",
        "priorityScore": 75,
        "wardNumber": 11,
        "wardName": "Rajganj Road",
        "submittedAt": "2026-03-13T18:00:55.484912",
        "color": "#ef4444",
        "description": "Sample garbage complaint in Rajganj Road"
      }
    },
    {
      "type": "Feature",
      "geometry": {
        "type": "Point",
        "coordinates": [
          88.698809,
          26.543953
        ]
      },
      "properties": {
        "id": "demo-0034",
        "complaintNumber": "CJPL-20240601-0034",
        "category": "GARBAGE",
        "status": "SUBMITTED",
        "priorityScore": 49,
        "wardNumber": 15,
        "wardName": "Santosh Para",
        "submittedAt": "2026-05-24T04:00:55.484921",
        "color": "#ef4444",
        "description": "Sample garbage complaint in Santosh Para"
      }
    },
    {
      "type": "Feature",
      "geometry": {
        "type": "Point",
        "coordinates": [
          88.69783,
          26.536227
        ]
      },
      "properties": {
        "id": "demo-0035",
        "complaintNumber": "CJPL-20240601-0035",
        "category": "GARBAGE",
        "status": "RESOLVED",
        "priorityScore": 50,
        "wardNumber": 13,
        "wardName": "Babu Para",
        "submittedAt": "2026-05-12T10:00:55.484930",
        "color": "#ef4444",
        "description": "Sample garbage complaint in Babu Para"
      }
    },
    {
      "type": "Feature",
      "geometry": {
        "type": "Point",
        "coordinates": [
          88.696202,
          26.548107
        ]
      },
      "properties": {
        "id": "demo-0036",
        "complaintNumber": "CJPL-20240601-0036",
        "category": "WATER_LEAKAGE",
        "status": "ASSIGNED",
        "priorityScore": 60,
        "wardNumber": 16,
        "wardName": "Kachhari Para",
        "submittedAt": "2026-05-26T21:00:55.484963",
        "color": "#3b82f6",
        "description": "Sample water leakage complaint in Kachhari Para"
      }
    },
    {
      "type": "Feature",
      "geometry": {
        "type": "Point",
        "coordinates": [
          88.723983,
          26.548478
        ]
      },
      "properties": {
        "id": "demo-0037",
        "complaintNumber": "CJPL-20240601-0037",
        "category": "GARBAGE",
        "status": "CLOSED",
        "priorityScore": 60,
        "wardNumber": 19,
        "wardName": "Purba Jalpaiguri",
        "submittedAt": "2026-05-29T01:00:55.484986",
        "color": "#ef4444",
        "description": "Sample garbage complaint in Purba Jalpaiguri"
      }
    },
    {
      "type": "Feature",
      "geometry": {
        "type": "Point",
        "coordinates": [
          88.716686,
          26.557143
        ]
      },
      "properties": {
        "id": "demo-0038",
        "complaintNumber": "CJPL-20240601-0038",
        "category": "GARBAGE",
        "status": "RESOLVED",
        "priorityScore": 86,
        "wardNumber": 18,
        "wardName": "Bhagat Singh Colony",
        "submittedAt": "2026-05-20T19:00:55.485000",
        "color": "#ef4444",
        "description": "Sample garbage complaint in Bhagat Singh Colony"
      }
    },
    {
      "type": "Feature",
      "geometry": {
        "type": "Point",
        "coordinates": [
          88.706561,
          26.527191
        ]
      },
      "properties": {
        "id": "demo-0039",
        "complaintNumber": "CJPL-20240601-0039",
        "category": "GARBAGE",
        "status": "CLOSED",
        "priorityScore": 31,
        "wardNumber": 12,
        "wardName": "Malopara",
        "submittedAt": "2026-05-25T11:00:55.485012",
        "color": "#ef4444",
        "description": "Sample garbage complaint in Malopara"
      }
    },
    {
      "type": "Feature",
      "geometry": {
        "type": "Point",
        "coordinates": [
          88.732111,
          26.544989
        ]
      },
      "properties": {
        "id": "demo-0040",
        "complaintNumber": "CJPL-20240601-0040",
        "category": "WATER_SUPPLY",
        "status": "RESOLVED",
        "priorityScore": 75,
        "wardNumber": 6,
        "wardName": "Netaji Para",
        "submittedAt": "2026-06-05T10:00:55.485021",
        "color": "#06b6d4",
        "description": "Sample water supply complaint in Netaji Para"
      }
    },
    {
      "type": "Feature",
      "geometry": {
        "type": "Point",
        "coordinates": [
          88.69547,
          26.534215
        ]
      },
      "properties": {
        "id": "demo-0041",
        "complaintNumber": "CJPL-20240601-0041",
        "category": "ROAD_DAMAGE",
        "status": "CLOSED",
        "priorityScore": 64,
        "wardNumber": 13,
        "wardName": "Babu Para",
        "submittedAt": "2026-04-22T22:00:55.485032",
        "color": "#f97316",
        "description": "Sample road damage complaint in Babu Para"
      }
    },
    {
      "type": "Feature",
      "geometry": {
        "type": "Point",
        "coordinates": [
          88.692609,
          26.535646
        ]
      },
      "properties": {
        "id": "demo-0042",
        "complaintNumber": "CJPL-20240601-0042",
        "category": "ROAD_DAMAGE",
        "status": "CLOSED",
        "priorityScore": 83,
        "wardNumber": 13,
        "wardName": "Babu Para",
        "submittedAt": "2026-04-20T13:00:55.485042",
        "color": "#f97316",
        "description": "Sample road damage complaint in Babu Para"
      }
    },
    {
      "type": "Feature",
      "geometry": {
        "type": "Point",
        "coordinates": [
          88.723754,
          26.548479
        ]
      },
      "properties": {
        "id": "demo-0043",
        "complaintNumber": "CJPL-20240601-0043",
        "category": "WATER_LEAKAGE",
        "status": "SUBMITTED",
        "priorityScore": 63,
        "wardNumber": 4,
        "wardName": "Station Para",
        "submittedAt": "2026-05-11T07:00:55.485051",
        "color": "#3b82f6",
        "description": "Sample water leakage complaint in Station Para"
      }
    },
    {
      "type": "Feature",
      "geometry": {
        "type": "Point",
        "coordinates": [
          88.704747,
          26.550773
        ]
      },
      "properties": {
        "id": "demo-0044",
        "complaintNumber": "CJPL-20240601-0044",
        "category": "ILLEGAL_DUMPING",
        "status": "RESOLVED",
        "priorityScore": 53,
        "wardNumber": 1,
        "wardName": "Kadamtala",
        "submittedAt": "2026-05-25T12:00:55.485062",
        "color": "#ec4899",
        "description": "Sample illegal dumping complaint in Kadamtala"
      }
    },
    {
      "type": "Feature",
      "geometry": {
        "type": "Point",
        "coordinates": [
          88.716379,
          26.545911
        ]
      },
      "properties": {
        "id": "demo-0045",
        "complaintNumber": "CJPL-20240601-0045",
        "category": "ROAD_DAMAGE",
        "status": "SUBMITTED",
        "priorityScore": 34,
        "wardNumber": 4,
        "wardName": "Station Para",
        "submittedAt": "2026-03-20T06:00:55.485071",
        "color": "#f97316",
        "description": "Sample road damage complaint in Station Para"
      }
    },
    {
      "type": "Feature",
      "geometry": {
        "type": "Point",
        "coordinates": [
          88.711473,
          26.549269
        ]
      },
      "properties": {
        "id": "demo-0046",
        "complaintNumber": "CJPL-20240601-0046",
        "category": "DRAINAGE",
        "status": "ASSIGNED",
        "priorityScore": 91,
        "wardNumber": 2,
        "wardName": "Deshbandhu Para",
        "submittedAt": "2026-05-25T04:00:55.485080",
        "color": "#8b5cf6",
        "description": "Sample drainage complaint in Deshbandhu Para"
      }
    },
    {
      "type": "Feature",
      "geometry": {
        "type": "Point",
        "coordinates": [
          88.717841,
          26.543023
        ]
      },
      "properties": {
        "id": "demo-0047",
        "complaintNumber": "CJPL-20240601-0047",
        "category": "ROAD_DAMAGE",
        "status": "IN_PROGRESS",
        "priorityScore": 85,
        "wardNumber": 4,
        "wardName": "Station Para",
        "submittedAt": "2026-05-29T15:00:55.485089",
        "color": "#f97316",
        "description": "Sample road damage complaint in Station Para"
      }
    },
    {
      "type": "Feature",
      "geometry": {
        "type": "Point",
        "coordinates": [
          88.719528,
          26.550288
        ]
      },
      "properties": {
        "id": "demo-0048",
        "complaintNumber": "CJPL-20240601-0048",
        "category": "ROAD_DAMAGE",
        "status": "ASSIGNED",
        "priorityScore": 62,
        "wardNumber": 3,
        "wardName": "Rajbari",
        "submittedAt": "2026-03-15T04:00:55.485097",
        "color": "#f97316",
        "description": "Sample road damage complaint in Rajbari"
      }
    },
    {
      "type": "Feature",
      "geometry": {
        "type": "Point",
        "coordinates": [
          88.717027,
          26.554018
        ]
      },
      "properties": {
        "id": "demo-0049",
        "complaintNumber": "CJPL-20240601-0049",
        "category": "STREETLIGHT_FAILURE",
        "status": "SUBMITTED",
        "priorityScore": 59,
        "wardNumber": 18,
        "wardName": "Bhagat Singh Colony",
        "submittedAt": "2026-05-11T04:00:55.485111",
        "color": "#eab308",
        "description": "Sample streetlight failure complaint in Bhagat Singh Colony"
      }
    },
    {
      "type": "Feature",
      "geometry": {
        "type": "Point",
        "coordinates": [
          88.708418,
          26.532013
        ]
      },
      "properties": {
        "id": "demo-0050",
        "complaintNumber": "CJPL-20240601-0050",
        "category": "GARBAGE",
        "status": "ASSIGNED",
        "priorityScore": 72,
        "wardNumber": 11,
        "wardName": "Rajganj Road",
        "submittedAt": "2026-03-30T00:00:55.485129",
        "color": "#ef4444",
        "description": "Sample garbage complaint in Rajganj Road"
      }
    },
    {
      "type": "Feature",
      "geometry": {
        "type": "Point",
        "coordinates": [
          88.704423,
          26.550193
        ]
      },
      "properties": {
        "id": "demo-0051",
        "complaintNumber": "CJPL-20240601-0051",
        "category": "GARBAGE",
        "status": "SUBMITTED",
        "priorityScore": 36,
        "wardNumber": 1,
        "wardName": "Kadamtala",
        "submittedAt": "2026-05-16T23:00:55.485155",
        "color": "#ef4444",
        "description": "Sample garbage complaint in Kadamtala"
      }
    },
    {
      "type": "Feature",
      "geometry": {
        "type": "Point",
        "coordinates": [
          88.72726,
          26.545671
        ]
      },
      "properties": {
        "id": "demo-0052",
        "complaintNumber": "CJPL-20240601-0052",
        "category": "DRAINAGE",
        "status": "ASSIGNED",
        "priorityScore": 60,
        "wardNumber": 5,
        "wardName": "Hospital Para",
        "submittedAt": "2026-04-24T22:00:55.485164",
        "color": "#8b5cf6",
        "description": "Sample drainage complaint in Hospital Para"
      }
    },
    {
      "type": "Feature",
      "geometry": {
        "type": "Point",
        "coordinates": [
          88.730421,
          26.545081
        ]
      },
      "properties": {
        "id": "demo-0053",
        "complaintNumber": "CJPL-20240601-0053",
        "category": "GARBAGE",
        "status": "IN_PROGRESS",
        "priorityScore": 75,
        "wardNumber": 6,
        "wardName": "Netaji Para",
        "submittedAt": "2026-06-07T08:00:55.485173",
        "color": "#ef4444",
        "description": "Sample garbage complaint in Netaji Para"
      }
    },
    {
      "type": "Feature",
      "geometry": {
        "type": "Point",
        "coordinates": [
          88.705024,
          26.550892
        ]
      },
      "properties": {
        "id": "demo-0054",
        "complaintNumber": "CJPL-20240601-0054",
        "category": "ILLEGAL_DUMPING",
        "status": "RESOLVED",
        "priorityScore": 49,
        "wardNumber": 1,
        "wardName": "Kadamtala",
        "submittedAt": "2026-05-10T15:00:55.485194",
        "color": "#ec4899",
        "description": "Sample illegal dumping complaint in Kadamtala"
      }
    },
    {
      "type": "Feature",
      "geometry": {
        "type": "Point",
        "coordinates": [
          88.722389,
          26.54535
        ]
      },
      "properties": {
        "id": "demo-0055",
        "complaintNumber": "CJPL-20240601-0055",
        "category": "WATER_LEAKAGE",
        "status": "ASSIGNED",
        "priorityScore": 60,
        "wardNumber": 5,
        "wardName": "Hospital Para",
        "submittedAt": "2026-06-01T18:00:55.485212",
        "color": "#3b82f6",
        "description": "Sample water leakage complaint in Hospital Para"
      }
    },
    {
      "type": "Feature",
      "geometry": {
        "type": "Point",
        "coordinates": [
          88.695601,
          26.535416
        ]
      },
      "properties": {
        "id": "demo-0056",
        "complaintNumber": "CJPL-20240601-0056",
        "category": "OTHER",
        "status": "ASSIGNED",
        "priorityScore": 78,
        "wardNumber": 14,
        "wardName": "Kamat Para",
        "submittedAt": "2026-04-17T12:00:55.485231",
        "color": "#6b7280",
        "description": "Sample other complaint in Kamat Para"
      }
    },
    {
      "type": "Feature",
      "geometry": {
        "type": "Point",
        "coordinates": [
          88.734183,
          26.540067
        ]
      },
      "properties": {
        "id": "demo-0057",
        "complaintNumber": "CJPL-20240601-0057",
        "category": "WATER_LEAKAGE",
        "status": "SUBMITTED",
        "priorityScore": 61,
        "wardNumber": 7,
        "wardName": "Khagrabari",
        "submittedAt": "2026-04-04T12:00:55.485254",
        "color": "#3b82f6",
        "description": "Sample water leakage complaint in Khagrabari"
      }
    },
    {
      "type": "Feature",
      "geometry": {
        "type": "Point",
        "coordinates": [
          88.734928,
          26.543299
        ]
      },
      "properties": {
        "id": "demo-0058",
        "complaintNumber": "CJPL-20240601-0058",
        "category": "GARBAGE",
        "status": "RESOLVED",
        "priorityScore": 61,
        "wardNumber": 7,
        "wardName": "Khagrabari",
        "submittedAt": "2026-03-23T04:00:55.485266",
        "color": "#ef4444",
        "description": "Sample garbage complaint in Khagrabari"
      }
    },
    {
      "type": "Feature",
      "geometry": {
        "type": "Point",
        "coordinates": [
          88.704869,
          26.549565
        ]
      },
      "properties": {
        "id": "demo-0059",
        "complaintNumber": "CJPL-20240601-0059",
        "category": "ROAD_DAMAGE",
        "status": "SUBMITTED",
        "priorityScore": 45,
        "wardNumber": 1,
        "wardName": "Kadamtala",
        "submittedAt": "2026-04-21T22:00:55.485284",
        "color": "#f97316",
        "description": "Sample road damage complaint in Kadamtala"
      }
    },
    {
      "type": "Feature",
      "geometry": {
        "type": "Point",
        "coordinates": [
          88.718465,
          26.534329
        ]
      },
      "properties": {
        "id": "demo-0060",
        "complaintNumber": "CJPL-20240601-0060",
        "category": "ROAD_DAMAGE",
        "status": "RESOLVED",
        "priorityScore": 60,
        "wardNumber": 9,
        "wardName": "Dinbazar",
        "submittedAt": "2026-04-06T17:00:55.485304",
        "color": "#f97316",
        "description": "Sample road damage complaint in Dinbazar"
      }
    },
    {
      "type": "Feature",
      "geometry": {
        "type": "Point",
        "coordinates": [
          88.715183,
          26.556716
        ]
      },
      "properties": {
        "id": "demo-0061",
        "complaintNumber": "CJPL-20240601-0061",
        "category": "WATER_LEAKAGE",
        "status": "ASSIGNED",
        "priorityScore": 65,
        "wardNumber": 18,
        "wardName": "Bhagat Singh Colony",
        "submittedAt": "2026-03-27T01:00:55.485314",
        "color": "#3b82f6",
        "description": "Sample water leakage complaint in Bhagat Singh Colony"
      }
    },
    {
      "type": "Feature",
      "geometry": {
        "type": "Point",
        "coordinates": [
          88.711749,
          26.548754
        ]
      },
      "properties": {
        "id": "demo-0062",
        "complaintNumber": "CJPL-20240601-0062",
        "category": "GARBAGE",
        "status": "IN_PROGRESS",
        "priorityScore": 46,
        "wardNumber": 2,
        "wardName": "Deshbandhu Para",
        "submittedAt": "2026-03-20T23:00:55.485340",
        "color": "#ef4444",
        "description": "Sample garbage complaint in Deshbandhu Para"
      }
    },
    {
      "type": "Feature",
      "geometry": {
        "type": "Point",
        "coordinates": [
          88.699102,
          26.539128
        ]
      },
      "properties": {
        "id": "demo-0063",
        "complaintNumber": "CJPL-20240601-0063",
        "category": "DRAINAGE",
        "status": "SUBMITTED",
        "priorityScore": 60,
        "wardNumber": 13,
        "wardName": "Babu Para",
        "submittedAt": "2026-04-30T17:00:55.485371",
        "color": "#8b5cf6",
        "description": "Sample drainage complaint in Babu Para"
      }
    },
    {
      "type": "Feature",
      "geometry": {
        "type": "Point",
        "coordinates": [
          88.707578,
          26.547444
        ]
      },
      "properties": {
        "id": "demo-0064",
        "complaintNumber": "CJPL-20240601-0064",
        "category": "WATER_LEAKAGE",
        "status": "CLOSED",
        "priorityScore": 60,
        "wardNumber": 1,
        "wardName": "Kadamtala",
        "submittedAt": "2026-05-04T22:00:55.485501",
        "color": "#3b82f6",
        "description": "Sample water leakage complaint in Kadamtala"
      }
    },
    {
      "type": "Feature",
      "geometry": {
        "type": "Point",
        "coordinates": [
          88.730026,
          26.540031
        ]
      },
      "properties": {
        "id": "demo-0065",
        "complaintNumber": "CJPL-20240601-0065",
        "category": "GARBAGE",
        "status": "IN_PROGRESS",
        "priorityScore": 53,
        "wardNumber": 6,
        "wardName": "Netaji Para",
        "submittedAt": "2026-05-02T17:00:55.485517",
        "color": "#ef4444",
        "description": "Sample garbage complaint in Netaji Para"
      }
    },
    {
      "type": "Feature",
      "geometry": {
        "type": "Point",
        "coordinates": [
          88.71097,
          26.549323
        ]
      },
      "properties": {
        "id": "demo-0066",
        "complaintNumber": "CJPL-20240601-0066",
        "category": "ILLEGAL_DUMPING",
        "status": "ASSIGNED",
        "priorityScore": 65,
        "wardNumber": 2,
        "wardName": "Deshbandhu Para",
        "submittedAt": "2026-05-21T01:00:55.485527",
        "color": "#ec4899",
        "description": "Sample illegal dumping complaint in Deshbandhu Para"
      }
    },
    {
      "type": "Feature",
      "geometry": {
        "type": "Point",
        "coordinates": [
          88.713213,
          26.556978
        ]
      },
      "properties": {
        "id": "demo-0067",
        "complaintNumber": "CJPL-20240601-0067",
        "category": "GARBAGE",
        "status": "ASSIGNED",
        "priorityScore": 91,
        "wardNumber": 17,
        "wardName": "Titu Para",
        "submittedAt": "2026-05-04T04:00:55.485536",
        "color": "#ef4444",
        "description": "Sample garbage complaint in Titu Para"
      }
    },
    {
      "type": "Feature",
      "geometry": {
        "type": "Point",
        "coordinates": [
          88.733135,
          26.540192
        ]
      },
      "properties": {
        "id": "demo-0068",
        "complaintNumber": "CJPL-20240601-0068",
        "category": "WATER_LEAKAGE",
        "status": "IN_PROGRESS",
        "priorityScore": 60,
        "wardNumber": 7,
        "wardName": "Khagrabari",
        "submittedAt": "2026-03-21T10:00:55.485545",
        "color": "#3b82f6",
        "description": "Sample water leakage complaint in Khagrabari"
      }
    },
    {
      "type": "Feature",
      "geometry": {
        "type": "Point",
        "coordinates": [
          88.715379,
          26.536195
        ]
      },
      "properties": {
        "id": "demo-0069",
        "complaintNumber": "CJPL-20240601-0069",
        "category": "ROAD_DAMAGE",
        "status": "ASSIGNED",
        "priorityScore": 39,
        "wardNumber": 10,
        "wardName": "Kotwali",
        "submittedAt": "2026-04-26T16:00:55.485554",
        "color": "#f97316",
        "description": "Sample road damage complaint in Kotwali"
      }
    },
    {
      "type": "Feature",
      "geometry": {
        "type": "Point",
        "coordinates": [
          88.709529,
          26.53203
        ]
      },
      "properties": {
        "id": "demo-0070",
        "complaintNumber": "CJPL-20240601-0070",
        "category": "WATER_LEAKAGE",
        "status": "RESOLVED",
        "priorityScore": 60,
        "wardNumber": 11,
        "wardName": "Rajganj Road",
        "submittedAt": "2026-04-20T06:00:55.485565",
        "color": "#3b82f6",
        "description": "Sample water leakage complaint in Rajganj Road"
      }
    },
    {
      "type": "Feature",
      "geometry": {
        "type": "Point",
        "coordinates": [
          88.717793,
          26.548557
        ]
      },
      "properties": {
        "id": "demo-0071",
        "complaintNumber": "CJPL-20240601-0071",
        "category": "GARBAGE",
        "status": "RESOLVED",
        "priorityScore": 60,
        "wardNumber": 3,
        "wardName": "Rajbari",
        "submittedAt": "2026-05-29T21:00:55.485573",
        "color": "#ef4444",
        "description": "Sample garbage complaint in Rajbari"
      }
    },
    {
      "type": "Feature",
      "geometry": {
        "type": "Point",
        "coordinates": [
          88.726567,
          26.544302
        ]
      },
      "properties": {
        "id": "demo-0072",
        "complaintNumber": "CJPL-20240601-0072",
        "category": "GARBAGE",
        "status": "RESOLVED",
        "priorityScore": 54,
        "wardNumber": 5,
        "wardName": "Hospital Para",
        "submittedAt": "2026-03-16T20:00:55.485582",
        "color": "#ef4444",
        "description": "Sample garbage complaint in Hospital Para"
      }
    },
    {
      "type": "Feature",
      "geometry": {
        "type": "Point",
        "coordinates": [
          88.73257,
          26.547727
        ]
      },
      "properties": {
        "id": "demo-0073",
        "complaintNumber": "CJPL-20240601-0073",
        "category": "GARBAGE",
        "status": "IN_PROGRESS",
        "priorityScore": 35,
        "wardNumber": 20,
        "wardName": "Paschim Palli",
        "submittedAt": "2026-04-07T05:00:55.485591",
        "color": "#ef4444",
        "description": "Sample garbage complaint in Paschim Palli"
      }
    },
    {
      "type": "Feature",
      "geometry": {
        "type": "Point",
        "coordinates": [
          88.70789,
          26.52934
        ]
      },
      "properties": {
        "id": "demo-0074",
        "complaintNumber": "CJPL-20240601-0074",
        "category": "WATER_LEAKAGE",
        "status": "ASSIGNED",
        "priorityScore": 71,
        "wardNumber": 11,
        "wardName": "Rajganj Road",
        "submittedAt": "2026-06-04T23:00:55.485600",
        "color": "#3b82f6",
        "description": "Sample water leakage complaint in Rajganj Road"
      }
    },
    {
      "type": "Feature",
      "geometry": {
        "type": "Point",
        "coordinates": [
          88.716862,
          26.551198
        ]
      },
      "properties": {
        "id": "demo-0075",
        "complaintNumber": "CJPL-20240601-0075",
        "category": "STREETLIGHT_FAILURE",
        "status": "RESOLVED",
        "priorityScore": 84,
        "wardNumber": 18,
        "wardName": "Bhagat Singh Colony",
        "submittedAt": "2026-03-22T01:00:55.485609",
        "color": "#eab308",
        "description": "Sample streetlight failure complaint in Bhagat Singh Colony"
      }
    },
    {
      "type": "Feature",
      "geometry": {
        "type": "Point",
        "coordinates": [
          88.730605,
          26.538398
        ]
      },
      "properties": {
        "id": "demo-0076",
        "complaintNumber": "CJPL-20240601-0076",
        "category": "GARBAGE",
        "status": "IN_PROGRESS",
        "priorityScore": 69,
        "wardNumber": 8,
        "wardName": "Ananda Para",
        "submittedAt": "2026-04-03T09:00:55.485619",
        "color": "#ef4444",
        "description": "Sample garbage complaint in Ananda Para"
      }
    },
    {
      "type": "Feature",
      "geometry": {
        "type": "Point",
        "coordinates": [
          88.722523,
          26.545238
        ]
      },
      "properties": {
        "id": "demo-0077",
        "complaintNumber": "CJPL-20240601-0077",
        "category": "WATER_LEAKAGE",
        "status": "SUBMITTED",
        "priorityScore": 67,
        "wardNumber": 4,
        "wardName": "Station Para",
        "submittedAt": "2026-05-01T10:00:55.485627",
        "color": "#3b82f6",
        "description": "Sample water leakage complaint in Station Para"
      }
    },
    {
      "type": "Feature",
      "geometry": {
        "type": "Point",
        "coordinates": [
          88.700332,
          26.540951
        ]
      },
      "properties": {
        "id": "demo-0078",
        "complaintNumber": "CJPL-20240601-0078",
        "category": "ROAD_DAMAGE",
        "status": "SUBMITTED",
        "priorityScore": 67,
        "wardNumber": 14,
        "wardName": "Kamat Para",
        "submittedAt": "2026-04-01T07:00:55.485639",
        "color": "#f97316",
        "description": "Sample road damage complaint in Kamat Para"
      }
    },
    {
      "type": "Feature",
      "geometry": {
        "type": "Point",
        "coordinates": [
          88.717968,
          26.548799
        ]
      },
      "properties": {
        "id": "demo-0079",
        "complaintNumber": "CJPL-20240601-0079",
        "category": "GARBAGE",
        "status": "SUBMITTED",
        "priorityScore": 90,
        "wardNumber": 4,
        "wardName": "Station Para",
        "submittedAt": "2026-05-30T03:00:55.485647",
        "color": "#ef4444",
        "description": "Sample garbage complaint in Station Para"
      }
    },
    {
      "type": "Feature",
      "geometry": {
        "type": "Point",
        "coordinates": [
          88.727966,
          26.538637
        ]
      },
      "properties": {
        "id": "demo-0080",
        "complaintNumber": "CJPL-20240601-0080",
        "category": "DRAINAGE",
        "status": "RESOLVED",
        "priorityScore": 63,
        "wardNumber": 8,
        "wardName": "Ananda Para",
        "submittedAt": "2026-04-23T09:00:55.485656",
        "color": "#8b5cf6",
        "description": "Sample drainage complaint in Ananda Para"
      }
    },
    {
      "type": "Feature",
      "geometry": {
        "type": "Point",
        "coordinates": [
          88.71525,
          26.549923
        ]
      },
      "properties": {
        "id": "demo-0081",
        "complaintNumber": "CJPL-20240601-0081",
        "category": "GARBAGE",
        "status": "SUBMITTED",
        "priorityScore": 77,
        "wardNumber": 3,
        "wardName": "Rajbari",
        "submittedAt": "2026-06-10T02:00:55.485663",
        "color": "#ef4444",
        "description": "Sample garbage complaint in Rajbari"
      }
    },
    {
      "type": "Feature",
      "geometry": {
        "type": "Point",
        "coordinates": [
          88.71864,
          26.547579
        ]
      },
      "properties": {
        "id": "demo-0082",
        "complaintNumber": "CJPL-20240601-0082",
        "category": "DRAINAGE",
        "status": "ASSIGNED",
        "priorityScore": 82,
        "wardNumber": 3,
        "wardName": "Rajbari",
        "submittedAt": "2026-05-06T16:00:55.485674",
        "color": "#8b5cf6",
        "description": "Sample drainage complaint in Rajbari"
      }
    },
    {
      "type": "Feature",
      "geometry": {
        "type": "Point",
        "coordinates": [
          88.729166,
          26.541841
        ]
      },
      "properties": {
        "id": "demo-0083",
        "complaintNumber": "CJPL-20240601-0083",
        "category": "ROAD_DAMAGE",
        "status": "RESOLVED",
        "priorityScore": 95,
        "wardNumber": 6,
        "wardName": "Netaji Para",
        "submittedAt": "2026-06-07T07:00:55.485684",
        "color": "#f97316",
        "description": "Sample road damage complaint in Netaji Para"
      }
    },
    {
      "type": "Feature",
      "geometry": {
        "type": "Point",
        "coordinates": [
          88.716085,
          26.532498
        ]
      },
      "properties": {
        "id": "demo-0084",
        "complaintNumber": "CJPL-20240601-0084",
        "category": "GARBAGE",
        "status": "ASSIGNED",
        "priorityScore": 41,
        "wardNumber": 10,
        "wardName": "Kotwali",
        "submittedAt": "2026-04-22T05:00:55.485695",
        "color": "#ef4444",
        "description": "Sample garbage complaint in Kotwali"
      }
    },
    {
      "type": "Feature",
      "geometry": {
        "type": "Point",
        "coordinates": [
          88.727093,
          26.539043
        ]
      },
      "properties": {
        "id": "demo-0085",
        "complaintNumber": "CJPL-20240601-0085",
        "category": "DRAINAGE",
        "status": "IN_PROGRESS",
        "priorityScore": 60,
        "wardNumber": 5,
        "wardName": "Hospital Para",
        "submittedAt": "2026-05-03T16:00:55.485703",
        "color": "#8b5cf6",
        "description": "Sample drainage complaint in Hospital Para"
      }
    },
    {
      "type": "Feature",
      "geometry": {
        "type": "Point",
        "coordinates": [
          88.726429,
          26.534973
        ]
      },
      "properties": {
        "id": "demo-0086",
        "complaintNumber": "CJPL-20240601-0086",
        "category": "ROAD_DAMAGE",
        "status": "CLOSED",
        "priorityScore": 46,
        "wardNumber": 9,
        "wardName": "Dinbazar",
        "submittedAt": "2026-03-31T09:00:55.485721",
        "color": "#f97316",
        "description": "Sample road damage complaint in Dinbazar"
      }
    },
    {
      "type": "Feature",
      "geometry": {
        "type": "Point",
        "coordinates": [
          88.701101,
          26.543308
        ]
      },
      "properties": {
        "id": "demo-0087",
        "complaintNumber": "CJPL-20240601-0087",
        "category": "WATER_SUPPLY",
        "status": "SUBMITTED",
        "priorityScore": 57,
        "wardNumber": 16,
        "wardName": "Kachhari Para",
        "submittedAt": "2026-06-09T06:00:55.485732",
        "color": "#06b6d4",
        "description": "Sample water supply complaint in Kachhari Para"
      }
    },
    {
      "type": "Feature",
      "geometry": {
        "type": "Point",
        "coordinates": [
          88.722056,
          26.546223
        ]
      },
      "properties": {
        "id": "demo-0088",
        "complaintNumber": "CJPL-20240601-0088",
        "category": "WATER_SUPPLY",
        "status": "IN_PROGRESS",
        "priorityScore": 30,
        "wardNumber": 4,
        "wardName": "Station Para",
        "submittedAt": "2026-03-21T13:00:55.485742",
        "color": "#06b6d4",
        "description": "Sample water supply complaint in Station Para"
      }
    },
    {
      "type": "Feature",
      "geometry": {
        "type": "Point",
        "coordinates": [
          88.721125,
          26.549014
        ]
      },
      "properties": {
        "id": "demo-0089",
        "complaintNumber": "CJPL-20240601-0089",
        "category": "DRAINAGE",
        "status": "SUBMITTED",
        "priorityScore": 88,
        "wardNumber": 4,
        "wardName": "Station Para",
        "submittedAt": "2026-05-24T21:00:55.485751",
        "color": "#8b5cf6",
        "description": "Sample drainage complaint in Station Para"
      }
    },
    {
      "type": "Feature",
      "geometry": {
        "type": "Point",
        "coordinates": [
          88.697388,
          26.546168
        ]
      },
      "properties": {
        "id": "demo-0090",
        "complaintNumber": "CJPL-20240601-0090",
        "category": "GARBAGE",
        "status": "IN_PROGRESS",
        "priorityScore": 61,
        "wardNumber": 16,
        "wardName": "Kachhari Para",
        "submittedAt": "2026-03-15T05:00:55.485760",
        "color": "#ef4444",
        "description": "Sample garbage complaint in Kachhari Para"
      }
    },
    {
      "type": "Feature",
      "geometry": {
        "type": "Point",
        "coordinates": [
          88.699806,
          26.541143
        ]
      },
      "properties": {
        "id": "demo-0091",
        "complaintNumber": "CJPL-20240601-0091",
        "category": "GARBAGE",
        "status": "ASSIGNED",
        "priorityScore": 34,
        "wardNumber": 15,
        "wardName": "Santosh Para",
        "submittedAt": "2026-05-22T09:00:55.485769",
        "color": "#ef4444",
        "description": "Sample garbage complaint in Santosh Para"
      }
    },
    {
      "type": "Feature",
      "geometry": {
        "type": "Point",
        "coordinates": [
          88.70967,
          26.533164
        ]
      },
      "properties": {
        "id": "demo-0092",
        "complaintNumber": "CJPL-20240601-0092",
        "category": "GARBAGE",
        "status": "IN_PROGRESS",
        "priorityScore": 63,
        "wardNumber": 11,
        "wardName": "Rajganj Road",
        "submittedAt": "2026-03-16T18:00:55.485777",
        "color": "#ef4444",
        "description": "Sample garbage complaint in Rajganj Road"
      }
    },
    {
      "type": "Feature",
      "geometry": {
        "type": "Point",
        "coordinates": [
          88.723687,
          26.538366
        ]
      },
      "properties": {
        "id": "demo-0093",
        "complaintNumber": "CJPL-20240601-0093",
        "category": "WATER_LEAKAGE",
        "status": "CLOSED",
        "priorityScore": 68,
        "wardNumber": 8,
        "wardName": "Ananda Para",
        "submittedAt": "2026-03-25T20:00:55.485787",
        "color": "#3b82f6",
        "description": "Sample water leakage complaint in Ananda Para"
      }
    },
    {
      "type": "Feature",
      "geometry": {
        "type": "Point",
        "coordinates": [
          88.693687,
          26.539798
        ]
      },
      "properties": {
        "id": "demo-0094",
        "complaintNumber": "CJPL-20240601-0094",
        "category": "GARBAGE",
        "status": "CLOSED",
        "priorityScore": 50,
        "wardNumber": 14,
        "wardName": "Kamat Para",
        "submittedAt": "2026-06-08T12:00:55.485796",
        "color": "#ef4444",
        "description": "Sample garbage complaint in Kamat Para"
      }
    },
    {
      "type": "Feature",
      "geometry": {
        "type": "Point",
        "coordinates": [
          88.734007,
          26.53997
        ]
      },
      "properties": {
        "id": "demo-0095",
        "complaintNumber": "CJPL-20240601-0095",
        "category": "WATER_LEAKAGE",
        "status": "SUBMITTED",
        "priorityScore": 77,
        "wardNumber": 7,
        "wardName": "Khagrabari",
        "submittedAt": "2026-05-08T03:00:55.485805",
        "color": "#3b82f6",
        "description": "Sample water leakage complaint in Khagrabari"
      }
    },
    {
      "type": "Feature",
      "geometry": {
        "type": "Point",
        "coordinates": [
          88.720877,
          26.535102
        ]
      },
      "properties": {
        "id": "demo-0096",
        "complaintNumber": "CJPL-20240601-0096",
        "category": "GARBAGE",
        "status": "RESOLVED",
        "priorityScore": 70,
        "wardNumber": 9,
        "wardName": "Dinbazar",
        "submittedAt": "2026-03-22T02:00:55.485813",
        "color": "#ef4444",
        "description": "Sample garbage complaint in Dinbazar"
      }
    },
    {
      "type": "Feature",
      "geometry": {
        "type": "Point",
        "coordinates": [
          88.718791,
          26.545715
        ]
      },
      "properties": {
        "id": "demo-0097",
        "complaintNumber": "CJPL-20240601-0097",
        "category": "DRAINAGE",
        "status": "IN_PROGRESS",
        "priorityScore": 60,
        "wardNumber": 3,
        "wardName": "Rajbari",
        "submittedAt": "2026-03-31T04:00:55.485825",
        "color": "#8b5cf6",
        "description": "Sample drainage complaint in Rajbari"
      }
    },
    {
      "type": "Feature",
      "geometry": {
        "type": "Point",
        "coordinates": [
          88.717388,
          26.548968
        ]
      },
      "properties": {
        "id": "demo-0098",
        "complaintNumber": "CJPL-20240601-0098",
        "category": "ROAD_DAMAGE",
        "status": "CLOSED",
        "priorityScore": 70,
        "wardNumber": 3,
        "wardName": "Rajbari",
        "submittedAt": "2026-04-17T18:00:55.485833",
        "color": "#f97316",
        "description": "Sample road damage complaint in Rajbari"
      }
    },
    {
      "type": "Feature",
      "geometry": {
        "type": "Point",
        "coordinates": [
          88.715208,
          26.548865
        ]
      },
      "properties": {
        "id": "demo-0099",
        "complaintNumber": "CJPL-20240601-0099",
        "category": "OTHER",
        "status": "RESOLVED",
        "priorityScore": 50,
        "wardNumber": 2,
        "wardName": "Deshbandhu Para",
        "submittedAt": "2026-04-22T13:00:55.485842",
        "color": "#6b7280",
        "description": "Sample other complaint in Deshbandhu Para"
      }
    },
    {
      "type": "Feature",
      "geometry": {
        "type": "Point",
        "coordinates": [
          88.730816,
          26.54255
        ]
      },
      "properties": {
        "id": "demo-0100",
        "complaintNumber": "CJPL-20240601-0100",
        "category": "GARBAGE",
        "status": "RESOLVED",
        "priorityScore": 90,
        "wardNumber": 7,
        "wardName": "Khagrabari",
        "submittedAt": "2026-05-30T12:00:55.485850",
        "color": "#ef4444",
        "description": "Sample garbage complaint in Khagrabari"
      }
    },
    {
      "type": "Feature",
      "geometry": {
        "type": "Point",
        "coordinates": [
          88.717824,
          26.534129
        ]
      },
      "properties": {
        "id": "demo-0101",
        "complaintNumber": "CJPL-20240601-0101",
        "category": "WATER_SUPPLY",
        "status": "CLOSED",
        "priorityScore": 84,
        "wardNumber": 9,
        "wardName": "Dinbazar",
        "submittedAt": "2026-03-19T10:00:55.485861",
        "color": "#06b6d4",
        "description": "Sample water supply complaint in Dinbazar"
      }
    },
    {
      "type": "Feature",
      "geometry": {
        "type": "Point",
        "coordinates": [
          88.726234,
          26.540525
        ]
      },
      "properties": {
        "id": "demo-0102",
        "complaintNumber": "CJPL-20240601-0102",
        "category": "ILLEGAL_DUMPING",
        "status": "IN_PROGRESS",
        "priorityScore": 91,
        "wardNumber": 6,
        "wardName": "Netaji Para",
        "submittedAt": "2026-05-23T16:00:55.485870",
        "color": "#ec4899",
        "description": "Sample illegal dumping complaint in Netaji Para"
      }
    },
    {
      "type": "Feature",
      "geometry": {
        "type": "Point",
        "coordinates": [
          88.726524,
          26.549125
        ]
      },
      "properties": {
        "id": "demo-0103",
        "complaintNumber": "CJPL-20240601-0103",
        "category": "OTHER",
        "status": "IN_PROGRESS",
        "priorityScore": 92,
        "wardNumber": 19,
        "wardName": "Purba Jalpaiguri",
        "submittedAt": "2026-04-13T06:00:55.485880",
        "color": "#6b7280",
        "description": "Sample other complaint in Purba Jalpaiguri"
      }
    },
    {
      "type": "Feature",
      "geometry": {
        "type": "Point",
        "coordinates": [
          88.703729,
          26.531649
        ]
      },
      "properties": {
        "id": "demo-0104",
        "complaintNumber": "CJPL-20240601-0104",
        "category": "ROAD_DAMAGE",
        "status": "IN_PROGRESS",
        "priorityScore": 88,
        "wardNumber": 12,
        "wardName": "Malopara",
        "submittedAt": "2026-03-16T20:00:55.485889",
        "color": "#f97316",
        "description": "Sample road damage complaint in Malopara"
      }
    },
    {
      "type": "Feature",
      "geometry": {
        "type": "Point",
        "coordinates": [
          88.730294,
          26.54085
        ]
      },
      "properties": {
        "id": "demo-0105",
        "complaintNumber": "CJPL-20240601-0105",
        "category": "STREETLIGHT_FAILURE",
        "status": "ASSIGNED",
        "priorityScore": 55,
        "wardNumber": 8,
        "wardName": "Ananda Para",
        "submittedAt": "2026-06-03T03:00:55.485898",
        "color": "#eab308",
        "description": "Sample streetlight failure complaint in Ananda Para"
      }
    },
    {
      "type": "Feature",
      "geometry": {
        "type": "Point",
        "coordinates": [
          88.724133,
          26.538708
        ]
      },
      "properties": {
        "id": "demo-0106",
        "complaintNumber": "CJPL-20240601-0106",
        "category": "DRAINAGE",
        "status": "RESOLVED",
        "priorityScore": 60,
        "wardNumber": 9,
        "wardName": "Dinbazar",
        "submittedAt": "2026-06-10T16:00:55.485907",
        "color": "#8b5cf6",
        "description": "Sample drainage complaint in Dinbazar"
      }
    },
    {
      "type": "Feature",
      "geometry": {
        "type": "Point",
        "coordinates": [
          88.732444,
          26.548984
        ]
      },
      "properties": {
        "id": "demo-0107",
        "complaintNumber": "CJPL-20240601-0107",
        "category": "ROAD_DAMAGE",
        "status": "ASSIGNED",
        "priorityScore": 37,
        "wardNumber": 19,
        "wardName": "Purba Jalpaiguri",
        "submittedAt": "2026-04-27T19:00:55.485918",
        "color": "#f97316",
        "description": "Sample road damage complaint in Purba Jalpaiguri"
      }
    },
    {
      "type": "Feature",
      "geometry": {
        "type": "Point",
        "coordinates": [
          88.72264,
          26.547234
        ]
      },
      "properties": {
        "id": "demo-0108",
        "complaintNumber": "CJPL-20240601-0108",
        "category": "ILLEGAL_DUMPING",
        "status": "CLOSED",
        "priorityScore": 30,
        "wardNumber": 4,
        "wardName": "Station Para",
        "submittedAt": "2026-05-14T09:00:55.485927",
        "color": "#ec4899",
        "description": "Sample illegal dumping complaint in Station Para"
      }
    },
    {
      "type": "Feature",
      "geometry": {
        "type": "Point",
        "coordinates": [
          88.714695,
          26.552251
        ]
      },
      "properties": {
        "id": "demo-0109",
        "complaintNumber": "CJPL-20240601-0109",
        "category": "WATER_LEAKAGE",
        "status": "CLOSED",
        "priorityScore": 67,
        "wardNumber": 17,
        "wardName": "Titu Para",
        "submittedAt": "2026-05-10T15:00:55.485936",
        "color": "#3b82f6",
        "description": "Sample water leakage complaint in Titu Para"
      }
    },
    {
      "type": "Feature",
      "geometry": {
        "type": "Point",
        "coordinates": [
          88.704453,
          26.52926
        ]
      },
      "properties": {
        "id": "demo-0110",
        "complaintNumber": "CJPL-20240601-0110",
        "category": "GARBAGE",
        "status": "RESOLVED",
        "priorityScore": 81,
        "wardNumber": 12,
        "wardName": "Malopara",
        "submittedAt": "2026-05-14T09:00:55.485981",
        "color": "#ef4444",
        "description": "Sample garbage complaint in Malopara"
      }
    },
    {
      "type": "Feature",
      "geometry": {
        "type": "Point",
        "coordinates": [
          88.734668,
          26.537618
        ]
      },
      "properties": {
        "id": "demo-0111",
        "complaintNumber": "CJPL-20240601-0111",
        "category": "ROAD_DAMAGE",
        "status": "IN_PROGRESS",
        "priorityScore": 68,
        "wardNumber": 7,
        "wardName": "Khagrabari",
        "submittedAt": "2026-03-19T05:00:55.485993",
        "color": "#f97316",
        "description": "Sample road damage complaint in Khagrabari"
      }
    },
    {
      "type": "Feature",
      "geometry": {
        "type": "Point",
        "coordinates": [
          88.709363,
          26.553994
        ]
      },
      "properties": {
        "id": "demo-0112",
        "complaintNumber": "CJPL-20240601-0112",
        "category": "GARBAGE",
        "status": "IN_PROGRESS",
        "priorityScore": 72,
        "wardNumber": 1,
        "wardName": "Kadamtala",
        "submittedAt": "2026-05-30T07:00:55.486001",
        "color": "#ef4444",
        "description": "Sample garbage complaint in Kadamtala"
      }
    },
    {
      "type": "Feature",
      "geometry": {
        "type": "Point",
        "coordinates": [
          88.693473,
          26.541337
        ]
      },
      "properties": {
        "id": "demo-0113",
        "complaintNumber": "CJPL-20240601-0113",
        "category": "ILLEGAL_DUMPING",
        "status": "RESOLVED",
        "priorityScore": 52,
        "wardNumber": 14,
        "wardName": "Kamat Para",
        "submittedAt": "2026-06-10T10:00:55.486011",
        "color": "#ec4899",
        "description": "Sample illegal dumping complaint in Kamat Para"
      }
    },
    {
      "type": "Feature",
      "geometry": {
        "type": "Point",
        "coordinates": [
          88.700466,
          26.539665
        ]
      },
      "properties": {
        "id": "demo-0114",
        "complaintNumber": "CJPL-20240601-0114",
        "category": "ILLEGAL_DUMPING",
        "status": "CLOSED",
        "priorityScore": 79,
        "wardNumber": 13,
        "wardName": "Babu Para",
        "submittedAt": "2026-05-07T23:00:55.486023",
        "color": "#ec4899",
        "description": "Sample illegal dumping complaint in Babu Para"
      }
    },
    {
      "type": "Feature",
      "geometry": {
        "type": "Point",
        "coordinates": [
          88.73444,
          26.540182
        ]
      },
      "properties": {
        "id": "demo-0115",
        "complaintNumber": "CJPL-20240601-0115",
        "category": "STREETLIGHT_FAILURE",
        "status": "IN_PROGRESS",
        "priorityScore": 91,
        "wardNumber": 7,
        "wardName": "Khagrabari",
        "submittedAt": "2026-05-30T14:00:55.486033",
        "color": "#eab308",
        "description": "Sample streetlight failure complaint in Khagrabari"
      }
    },
    {
      "type": "Feature",
      "geometry": {
        "type": "Point",
        "coordinates": [
          88.718751,
          26.548224
        ]
      },
      "properties": {
        "id": "demo-0116",
        "complaintNumber": "CJPL-20240601-0116",
        "category": "WATER_LEAKAGE",
        "status": "ASSIGNED",
        "priorityScore": 61,
        "wardNumber": 3,
        "wardName": "Rajbari",
        "submittedAt": "2026-05-13T12:00:55.486042",
        "color": "#3b82f6",
        "description": "Sample water leakage complaint in Rajbari"
      }
    },
    {
      "type": "Feature",
      "geometry": {
        "type": "Point",
        "coordinates": [
          88.70111,
          26.549768
        ]
      },
      "properties": {
        "id": "demo-0117",
        "complaintNumber": "CJPL-20240601-0117",
        "category": "WATER_LEAKAGE",
        "status": "RESOLVED",
        "priorityScore": 73,
        "wardNumber": 16,
        "wardName": "Kachhari Para",
        "submittedAt": "2026-06-10T05:00:55.486054",
        "color": "#3b82f6",
        "description": "Sample water leakage complaint in Kachhari Para"
      }
    },
    {
      "type": "Feature",
      "geometry": {
        "type": "Point",
        "coordinates": [
          88.698483,
          26.543341
        ]
      },
      "properties": {
        "id": "demo-0118",
        "complaintNumber": "CJPL-20240601-0118",
        "category": "GARBAGE",
        "status": "RESOLVED",
        "priorityScore": 32,
        "wardNumber": 15,
        "wardName": "Santosh Para",
        "submittedAt": "2026-03-28T11:00:55.486065",
        "color": "#ef4444",
        "description": "Sample garbage complaint in Santosh Para"
      }
    },
    {
      "type": "Feature",
      "geometry": {
        "type": "Point",
        "coordinates": [
          88.736693,
          26.545404
        ]
      },
      "properties": {
        "id": "demo-0119",
        "complaintNumber": "CJPL-20240601-0119",
        "category": "WATER_SUPPLY",
        "status": "SUBMITTED",
        "priorityScore": 75,
        "wardNumber": 20,
        "wardName": "Paschim Palli",
        "submittedAt": "2026-05-05T13:00:55.486084",
        "color": "#06b6d4",
        "description": "Sample water supply complaint in Paschim Palli"
      }
    },
    {
      "type": "Feature",
      "geometry": {
        "type": "Point",
        "coordinates": [
          88.711371,
          26.54866
        ]
      },
      "properties": {
        "id": "demo-0120",
        "complaintNumber": "CJPL-20240601-0120",
        "category": "GARBAGE",
        "status": "CLOSED",
        "priorityScore": 40,
        "wardNumber": 2,
        "wardName": "Deshbandhu Para",
        "submittedAt": "2026-03-26T00:00:55.486093",
        "color": "#ef4444",
        "description": "Sample garbage complaint in Deshbandhu Para"
      }
    },
    {
      "type": "Feature",
      "geometry": {
        "type": "Point",
        "coordinates": [
          88.708028,
          26.529903
        ]
      },
      "properties": {
        "id": "demo-0121",
        "complaintNumber": "CJPL-20240601-0121",
        "category": "GARBAGE",
        "status": "IN_PROGRESS",
        "priorityScore": 47,
        "wardNumber": 12,
        "wardName": "Malopara",
        "submittedAt": "2026-04-25T13:00:55.486102",
        "color": "#ef4444",
        "description": "Sample garbage complaint in Malopara"
      }
    },
    {
      "type": "Feature",
      "geometry": {
        "type": "Point",
        "coordinates": [
          88.731129,
          26.542975
        ]
      },
      "properties": {
        "id": "demo-0122",
        "complaintNumber": "CJPL-20240601-0122",
        "category": "WATER_LEAKAGE",
        "status": "IN_PROGRESS",
        "priorityScore": 83,
        "wardNumber": 5,
        "wardName": "Hospital Para",
        "submittedAt": "2026-05-06T06:00:55.486111",
        "color": "#3b82f6",
        "description": "Sample water leakage complaint in Hospital Para"
      }
    },
    {
      "type": "Feature",
      "geometry": {
        "type": "Point",
        "coordinates": [
          88.732112,
          26.546488
        ]
      },
      "properties": {
        "id": "demo-0123",
        "complaintNumber": "CJPL-20240601-0123",
        "category": "STREETLIGHT_FAILURE",
        "status": "ASSIGNED",
        "priorityScore": 57,
        "wardNumber": 19,
        "wardName": "Purba Jalpaiguri",
        "submittedAt": "2026-06-05T21:00:55.486120",
        "color": "#eab308",
        "description": "Sample streetlight failure complaint in Purba Jalpaiguri"
      }
    },
    {
      "type": "Feature",
      "geometry": {
        "type": "Point",
        "coordinates": [
          88.723629,
          26.545906
        ]
      },
      "properties": {
        "id": "demo-0124",
        "complaintNumber": "CJPL-20240601-0124",
        "category": "DRAINAGE",
        "status": "RESOLVED",
        "priorityScore": 60,
        "wardNumber": 4,
        "wardName": "Station Para",
        "submittedAt": "2026-05-19T07:00:55.486129",
        "color": "#8b5cf6",
        "description": "Sample drainage complaint in Station Para"
      }
    },
    {
      "type": "Feature",
      "geometry": {
        "type": "Point",
        "coordinates": [
          88.705423,
          26.551182
        ]
      },
      "properties": {
        "id": "demo-0125",
        "complaintNumber": "CJPL-20240601-0125",
        "category": "GARBAGE",
        "status": "SUBMITTED",
        "priorityScore": 45,
        "wardNumber": 1,
        "wardName": "Kadamtala",
        "submittedAt": "2026-05-29T21:00:55.486137",
        "color": "#ef4444",
        "description": "Sample garbage complaint in Kadamtala"
      }
    },
    {
      "type": "Feature",
      "geometry": {
        "type": "Point",
        "coordinates": [
          88.713061,
          26.553746
        ]
      },
      "properties": {
        "id": "demo-0126",
        "complaintNumber": "CJPL-20240601-0126",
        "category": "GARBAGE",
        "status": "RESOLVED",
        "priorityScore": 77,
        "wardNumber": 17,
        "wardName": "Titu Para",
        "submittedAt": "2026-04-24T19:00:55.486146",
        "color": "#ef4444",
        "description": "Sample garbage complaint in Titu Para"
      }
    },
    {
      "type": "Feature",
      "geometry": {
        "type": "Point",
        "coordinates": [
          88.718477,
          26.538784
        ]
      },
      "properties": {
        "id": "demo-0127",
        "complaintNumber": "CJPL-20240601-0127",
        "category": "WATER_SUPPLY",
        "status": "IN_PROGRESS",
        "priorityScore": 39,
        "wardNumber": 9,
        "wardName": "Dinbazar",
        "submittedAt": "2026-04-29T23:00:55.486155",
        "color": "#06b6d4",
        "description": "Sample water supply complaint in Dinbazar"
      }
    },
    {
      "type": "Feature",
      "geometry": {
        "type": "Point",
        "coordinates": [
          88.70518,
          26.548777
        ]
      },
      "properties": {
        "id": "demo-0128",
        "complaintNumber": "CJPL-20240601-0128",
        "category": "DRAINAGE",
        "status": "IN_PROGRESS",
        "priorityScore": 60,
        "wardNumber": 16,
        "wardName": "Kachhari Para",
        "submittedAt": "2026-03-16T21:00:55.486164",
        "color": "#8b5cf6",
        "description": "Sample drainage complaint in Kachhari Para"
      }
    },
    {
      "type": "Feature",
      "geometry": {
        "type": "Point",
        "coordinates": [
          88.697977,
          26.535369
        ]
      },
      "properties": {
        "id": "demo-0129",
        "complaintNumber": "CJPL-20240601-0129",
        "category": "DRAINAGE",
        "status": "SUBMITTED",
        "priorityScore": 83,
        "wardNumber": 13,
        "wardName": "Babu Para",
        "submittedAt": "2026-04-01T15:00:55.486176",
        "color": "#8b5cf6",
        "description": "Sample drainage complaint in Babu Para"
      }
    },
    {
      "type": "Feature",
      "geometry": {
        "type": "Point",
        "coordinates": [
          88.716214,
          26.535913
        ]
      },
      "properties": {
        "id": "demo-0130",
        "complaintNumber": "CJPL-20240601-0130",
        "category": "GARBAGE",
        "status": "RESOLVED",
        "priorityScore": 46,
        "wardNumber": 10,
        "wardName": "Kotwali",
        "submittedAt": "2026-05-16T18:00:55.486185",
        "color": "#ef4444",
        "description": "Sample garbage complaint in Kotwali"
      }
    },
    {
      "type": "Feature",
      "geometry": {
        "type": "Point",
        "coordinates": [
          88.705299,
          26.526606
        ]
      },
      "properties": {
        "id": "demo-0131",
        "complaintNumber": "CJPL-20240601-0131",
        "category": "ILLEGAL_DUMPING",
        "status": "ASSIGNED",
        "priorityScore": 56,
        "wardNumber": 12,
        "wardName": "Malopara",
        "submittedAt": "2026-05-11T03:00:55.486194",
        "color": "#ec4899",
        "description": "Sample illegal dumping complaint in Malopara"
      }
    },
    {
      "type": "Feature",
      "geometry": {
        "type": "Point",
        "coordinates": [
          88.704783,
          26.546047
        ]
      },
      "properties": {
        "id": "demo-0132",
        "complaintNumber": "CJPL-20240601-0132",
        "category": "DRAINAGE",
        "status": "RESOLVED",
        "priorityScore": 64,
        "wardNumber": 1,
        "wardName": "Kadamtala",
        "submittedAt": "2026-04-13T04:00:55.486202",
        "color": "#8b5cf6",
        "description": "Sample drainage complaint in Kadamtala"
      }
    },
    {
      "type": "Feature",
      "geometry": {
        "type": "Point",
        "coordinates": [
          88.725127,
          26.534451
        ]
      },
      "properties": {
        "id": "demo-0133",
        "complaintNumber": "CJPL-20240601-0133",
        "category": "DRAINAGE",
        "status": "RESOLVED",
        "priorityScore": 74,
        "wardNumber": 9,
        "wardName": "Dinbazar",
        "submittedAt": "2026-04-12T13:00:55.486214",
        "color": "#8b5cf6",
        "description": "Sample drainage complaint in Dinbazar"
      }
    },
    {
      "type": "Feature",
      "geometry": {
        "type": "Point",
        "coordinates": [
          88.704609,
          26.545588
        ]
      },
      "properties": {
        "id": "demo-0134",
        "complaintNumber": "CJPL-20240601-0134",
        "category": "DRAINAGE",
        "status": "SUBMITTED",
        "priorityScore": 60,
        "wardNumber": 16,
        "wardName": "Kachhari Para",
        "submittedAt": "2026-05-24T15:00:55.486224",
        "color": "#8b5cf6",
        "description": "Sample drainage complaint in Kachhari Para"
      }
    },
    {
      "type": "Feature",
      "geometry": {
        "type": "Point",
        "coordinates": [
          88.703115,
          26.528519
        ]
      },
      "properties": {
        "id": "demo-0135",
        "complaintNumber": "CJPL-20240601-0135",
        "category": "STREETLIGHT_FAILURE",
        "status": "IN_PROGRESS",
        "priorityScore": 83,
        "wardNumber": 12,
        "wardName": "Malopara",
        "submittedAt": "2026-04-04T20:00:55.486363",
        "color": "#eab308",
        "description": "Sample streetlight failure complaint in Malopara"
      }
    },
    {
      "type": "Feature",
      "geometry": {
        "type": "Point",
        "coordinates": [
          88.731067,
          26.542442
        ]
      },
      "properties": {
        "id": "demo-0136",
        "complaintNumber": "CJPL-20240601-0136",
        "category": "GARBAGE",
        "status": "ASSIGNED",
        "priorityScore": 36,
        "wardNumber": 6,
        "wardName": "Netaji Para",
        "submittedAt": "2026-03-26T04:00:55.486378",
        "color": "#ef4444",
        "description": "Sample garbage complaint in Netaji Para"
      }
    },
    {
      "type": "Feature",
      "geometry": {
        "type": "Point",
        "coordinates": [
          88.696022,
          26.54753
        ]
      },
      "properties": {
        "id": "demo-0137",
        "complaintNumber": "CJPL-20240601-0137",
        "category": "WATER_LEAKAGE",
        "status": "CLOSED",
        "priorityScore": 91,
        "wardNumber": 15,
        "wardName": "Santosh Para",
        "submittedAt": "2026-03-22T15:00:55.486389",
        "color": "#3b82f6",
        "description": "Sample water leakage complaint in Santosh Para"
      }
    },
    {
      "type": "Feature",
      "geometry": {
        "type": "Point",
        "coordinates": [
          88.734532,
          26.542547
        ]
      },
      "properties": {
        "id": "demo-0138",
        "complaintNumber": "CJPL-20240601-0138",
        "category": "ROAD_DAMAGE",
        "status": "ASSIGNED",
        "priorityScore": 65,
        "wardNumber": 7,
        "wardName": "Khagrabari",
        "submittedAt": "2026-05-06T17:00:55.486398",
        "color": "#f97316",
        "description": "Sample road damage complaint in Khagrabari"
      }
    },
    {
      "type": "Feature",
      "geometry": {
        "type": "Point",
        "coordinates": [
          88.697352,
          26.542122
        ]
      },
      "properties": {
        "id": "demo-0139",
        "complaintNumber": "CJPL-20240601-0139",
        "category": "WATER_SUPPLY",
        "status": "IN_PROGRESS",
        "priorityScore": 65,
        "wardNumber": 15,
        "wardName": "Santosh Para",
        "submittedAt": "2026-04-11T15:00:55.486409",
        "color": "#06b6d4",
        "description": "Sample water supply complaint in Santosh Para"
      }
    },
    {
      "type": "Feature",
      "geometry": {
        "type": "Point",
        "coordinates": [
          88.725031,
          26.548257
        ]
      },
      "properties": {
        "id": "demo-0140",
        "complaintNumber": "CJPL-20240601-0140",
        "category": "DRAINAGE",
        "status": "RESOLVED",
        "priorityScore": 88,
        "wardNumber": 5,
        "wardName": "Hospital Para",
        "submittedAt": "2026-04-05T20:00:55.486418",
        "color": "#8b5cf6",
        "description": "Sample drainage complaint in Hospital Para"
      }
    },
    {
      "type": "Feature",
      "geometry": {
        "type": "Point",
        "coordinates": [
          88.701227,
          26.547733
        ]
      },
      "properties": {
        "id": "demo-0141",
        "complaintNumber": "CJPL-20240601-0141",
        "category": "WATER_LEAKAGE",
        "status": "SUBMITTED",
        "priorityScore": 64,
        "wardNumber": 16,
        "wardName": "Kachhari Para",
        "submittedAt": "2026-04-03T04:00:55.486429",
        "color": "#3b82f6",
        "description": "Sample water leakage complaint in Kachhari Para"
      }
    },
    {
      "type": "Feature",
      "geometry": {
        "type": "Point",
        "coordinates": [
          88.714233,
          26.548423
        ]
      },
      "properties": {
        "id": "demo-0142",
        "complaintNumber": "CJPL-20240601-0142",
        "category": "DRAINAGE",
        "status": "IN_PROGRESS",
        "priorityScore": 60,
        "wardNumber": 17,
        "wardName": "Titu Para",
        "submittedAt": "2026-05-17T17:00:55.486438",
        "color": "#8b5cf6",
        "description": "Sample drainage complaint in Titu Para"
      }
    },
    {
      "type": "Feature",
      "geometry": {
        "type": "Point",
        "coordinates": [
          88.717241,
          26.533286
        ]
      },
      "properties": {
        "id": "demo-0143",
        "complaintNumber": "CJPL-20240601-0143",
        "category": "DRAINAGE",
        "status": "IN_PROGRESS",
        "priorityScore": 94,
        "wardNumber": 10,
        "wardName": "Kotwali",
        "submittedAt": "2026-03-17T02:00:55.486447",
        "color": "#8b5cf6",
        "description": "Sample drainage complaint in Kotwali"
      }
    },
    {
      "type": "Feature",
      "geometry": {
        "type": "Point",
        "coordinates": [
          88.713039,
          26.557225
        ]
      },
      "properties": {
        "id": "demo-0144",
        "complaintNumber": "CJPL-20240601-0144",
        "category": "ROAD_DAMAGE",
        "status": "CLOSED",
        "priorityScore": 40,
        "wardNumber": 18,
        "wardName": "Bhagat Singh Colony",
        "submittedAt": "2026-03-24T01:00:55.486456",
        "color": "#f97316",
        "description": "Sample road damage complaint in Bhagat Singh Colony"
      }
    },
    {
      "type": "Feature",
      "geometry": {
        "type": "Point",
        "coordinates": [
          88.726555,
          26.537523
        ]
      },
      "properties": {
        "id": "demo-0145",
        "complaintNumber": "CJPL-20240601-0145",
        "category": "WATER_LEAKAGE",
        "status": "SUBMITTED",
        "priorityScore": 60,
        "wardNumber": 8,
        "wardName": "Ananda Para",
        "submittedAt": "2026-03-16T15:00:55.486465",
        "color": "#3b82f6",
        "description": "Sample water leakage complaint in Ananda Para"
      }
    },
    {
      "type": "Feature",
      "geometry": {
        "type": "Point",
        "coordinates": [
          88.694667,
          26.542372
        ]
      },
      "properties": {
        "id": "demo-0146",
        "complaintNumber": "CJPL-20240601-0146",
        "category": "ROAD_DAMAGE",
        "status": "RESOLVED",
        "priorityScore": 59,
        "wardNumber": 15,
        "wardName": "Santosh Para",
        "submittedAt": "2026-05-15T11:00:55.486476",
        "color": "#f97316",
        "description": "Sample road damage complaint in Santosh Para"
      }
    },
    {
      "type": "Feature",
      "geometry": {
        "type": "Point",
        "coordinates": [
          88.727577,
          26.546692
        ]
      },
      "properties": {
        "id": "demo-0147",
        "complaintNumber": "CJPL-20240601-0147",
        "category": "ROAD_DAMAGE",
        "status": "IN_PROGRESS",
        "priorityScore": 37,
        "wardNumber": 5,
        "wardName": "Hospital Para",
        "submittedAt": "2026-05-09T18:00:55.486485",
        "color": "#f97316",
        "description": "Sample road damage complaint in Hospital Para"
      }
    },
    {
      "type": "Feature",
      "geometry": {
        "type": "Point",
        "coordinates": [
          88.722144,
          26.536088
        ]
      },
      "properties": {
        "id": "demo-0148",
        "complaintNumber": "CJPL-20240601-0148",
        "category": "WATER_SUPPLY",
        "status": "RESOLVED",
        "priorityScore": 56,
        "wardNumber": 8,
        "wardName": "Ananda Para",
        "submittedAt": "2026-05-23T17:00:55.486493",
        "color": "#06b6d4",
        "description": "Sample water supply complaint in Ananda Para"
      }
    },
    {
      "type": "Feature",
      "geometry": {
        "type": "Point",
        "coordinates": [
          88.711341,
          26.552057
        ]
      },
      "properties": {
        "id": "demo-0149",
        "complaintNumber": "CJPL-20240601-0149",
        "category": "GARBAGE",
        "status": "ASSIGNED",
        "priorityScore": 48,
        "wardNumber": 2,
        "wardName": "Deshbandhu Para",
        "submittedAt": "2026-04-09T18:00:55.486503",
        "color": "#ef4444",
        "description": "Sample garbage complaint in Deshbandhu Para"
      }
    },
    {
      "type": "Feature",
      "geometry": {
        "type": "Point",
        "coordinates": [
          88.706395,
          26.54713
        ]
      },
      "properties": {
        "id": "demo-0150",
        "complaintNumber": "CJPL-20240601-0150",
        "category": "GARBAGE",
        "status": "ASSIGNED",
        "priorityScore": 72,
        "wardNumber": 2,
        "wardName": "Deshbandhu Para",
        "submittedAt": "2026-05-16T01:00:55.486513",
        "color": "#ef4444",
        "description": "Sample garbage complaint in Deshbandhu Para"
      }
    },
    {
      "type": "Feature",
      "geometry": {
        "type": "Point",
        "coordinates": [
          88.731578,
          26.541342
        ]
      },
      "properties": {
        "id": "demo-0151",
        "complaintNumber": "CJPL-20240601-0151",
        "category": "GARBAGE",
        "status": "SUBMITTED",
        "priorityScore": 48,
        "wardNumber": 7,
        "wardName": "Khagrabari",
        "submittedAt": "2026-05-12T09:00:55.486522",
        "color": "#ef4444",
        "description": "Sample garbage complaint in Khagrabari"
      }
    },
    {
      "type": "Feature",
      "geometry": {
        "type": "Point",
        "coordinates": [
          88.690939,
          26.540201
        ]
      },
      "properties": {
        "id": "demo-0152",
        "complaintNumber": "CJPL-20240601-0152",
        "category": "WATER_LEAKAGE",
        "status": "IN_PROGRESS",
        "priorityScore": 60,
        "wardNumber": 14,
        "wardName": "Kamat Para",
        "submittedAt": "2026-06-05T20:00:55.486531",
        "color": "#3b82f6",
        "description": "Sample water leakage complaint in Kamat Para"
      }
    },
    {
      "type": "Feature",
      "geometry": {
        "type": "Point",
        "coordinates": [
          88.723439,
          26.535119
        ]
      },
      "properties": {
        "id": "demo-0153",
        "complaintNumber": "CJPL-20240601-0153",
        "category": "STREETLIGHT_FAILURE",
        "status": "IN_PROGRESS",
        "priorityScore": 57,
        "wardNumber": 9,
        "wardName": "Dinbazar",
        "submittedAt": "2026-03-16T00:00:55.486539",
        "color": "#eab308",
        "description": "Sample streetlight failure complaint in Dinbazar"
      }
    },
    {
      "type": "Feature",
      "geometry": {
        "type": "Point",
        "coordinates": [
          88.722845,
          26.538913
        ]
      },
      "properties": {
        "id": "demo-0154",
        "complaintNumber": "CJPL-20240601-0154",
        "category": "GARBAGE",
        "status": "ASSIGNED",
        "priorityScore": 79,
        "wardNumber": 9,
        "wardName": "Dinbazar",
        "submittedAt": "2026-05-10T10:00:55.486547",
        "color": "#ef4444",
        "description": "Sample garbage complaint in Dinbazar"
      }
    },
    {
      "type": "Feature",
      "geometry": {
        "type": "Point",
        "coordinates": [
          88.724042,
          26.536516
        ]
      },
      "properties": {
        "id": "demo-0155",
        "complaintNumber": "CJPL-20240601-0155",
        "category": "ROAD_DAMAGE",
        "status": "RESOLVED",
        "priorityScore": 38,
        "wardNumber": 8,
        "wardName": "Ananda Para",
        "submittedAt": "2026-04-26T05:00:55.486556",
        "color": "#f97316",
        "description": "Sample road damage complaint in Ananda Para"
      }
    },
    {
      "type": "Feature",
      "geometry": {
        "type": "Point",
        "coordinates": [
          88.707556,
          26.549335
        ]
      },
      "properties": {
        "id": "demo-0156",
        "complaintNumber": "CJPL-20240601-0156",
        "category": "GARBAGE",
        "status": "IN_PROGRESS",
        "priorityScore": 31,
        "wardNumber": 1,
        "wardName": "Kadamtala",
        "submittedAt": "2026-05-24T14:00:55.486568",
        "color": "#ef4444",
        "description": "Sample garbage complaint in Kadamtala"
      }
    },
    {
      "type": "Feature",
      "geometry": {
        "type": "Point",
        "coordinates": [
          88.728334,
          26.540598
        ]
      },
      "properties": {
        "id": "demo-0157",
        "complaintNumber": "CJPL-20240601-0157",
        "category": "GARBAGE",
        "status": "IN_PROGRESS",
        "priorityScore": 77,
        "wardNumber": 6,
        "wardName": "Netaji Para",
        "submittedAt": "2026-04-12T23:00:55.486582",
        "color": "#ef4444",
        "description": "Sample garbage complaint in Netaji Para"
      }
    },
    {
      "type": "Feature",
      "geometry": {
        "type": "Point",
        "coordinates": [
          88.704235,
          26.545268
        ]
      },
      "properties": {
        "id": "demo-0158",
        "complaintNumber": "CJPL-20240601-0158",
        "category": "ILLEGAL_DUMPING",
        "status": "SUBMITTED",
        "priorityScore": 95,
        "wardNumber": 15,
        "wardName": "Santosh Para",
        "submittedAt": "2026-03-27T21:00:55.486595",
        "color": "#ec4899",
        "description": "Sample illegal dumping complaint in Santosh Para"
      }
    },
    {
      "type": "Feature",
      "geometry": {
        "type": "Point",
        "coordinates": [
          88.736018,
          26.544042
        ]
      },
      "properties": {
        "id": "demo-0159",
        "complaintNumber": "CJPL-20240601-0159",
        "category": "ROAD_DAMAGE",
        "status": "IN_PROGRESS",
        "priorityScore": 90,
        "wardNumber": 7,
        "wardName": "Khagrabari",
        "submittedAt": "2026-06-05T00:00:55.486608",
        "color": "#f97316",
        "description": "Sample road damage complaint in Khagrabari"
      }
    },
    {
      "type": "Feature",
      "geometry": {
        "type": "Point",
        "coordinates": [
          88.723788,
          26.53673
        ]
      },
      "properties": {
        "id": "demo-0160",
        "complaintNumber": "CJPL-20240601-0160",
        "category": "GARBAGE",
        "status": "RESOLVED",
        "priorityScore": 91,
        "wardNumber": 8,
        "wardName": "Ananda Para",
        "submittedAt": "2026-03-29T08:00:55.486621",
        "color": "#ef4444",
        "description": "Sample garbage complaint in Ananda Para"
      }
    },
    {
      "type": "Feature",
      "geometry": {
        "type": "Point",
        "coordinates": [
          88.705894,
          26.554569
        ]
      },
      "properties": {
        "id": "demo-0161",
        "complaintNumber": "CJPL-20240601-0161",
        "category": "DRAINAGE",
        "status": "SUBMITTED",
        "priorityScore": 60,
        "wardNumber": 1,
        "wardName": "Kadamtala",
        "submittedAt": "2026-04-04T05:00:55.486635",
        "color": "#8b5cf6",
        "description": "Sample drainage complaint in Kadamtala"
      }
    },
    {
      "type": "Feature",
      "geometry": {
        "type": "Point",
        "coordinates": [
          88.736959,
          26.540968
        ]
      },
      "properties": {
        "id": "demo-0162",
        "complaintNumber": "CJPL-20240601-0162",
        "category": "WATER_SUPPLY",
        "status": "SUBMITTED",
        "priorityScore": 48,
        "wardNumber": 7,
        "wardName": "Khagrabari",
        "submittedAt": "2026-03-26T08:00:55.486649",
        "color": "#06b6d4",
        "description": "Sample water supply complaint in Khagrabari"
      }
    },
    {
      "type": "Feature",
      "geometry": {
        "type": "Point",
        "coordinates": [
          88.72766,
          26.54419
        ]
      },
      "properties": {
        "id": "demo-0163",
        "complaintNumber": "CJPL-20240601-0163",
        "category": "GARBAGE",
        "status": "RESOLVED",
        "priorityScore": 48,
        "wardNumber": 5,
        "wardName": "Hospital Para",
        "submittedAt": "2026-05-24T05:00:55.486662",
        "color": "#ef4444",
        "description": "Sample garbage complaint in Hospital Para"
      }
    },
    {
      "type": "Feature",
      "geometry": {
        "type": "Point",
        "coordinates": [
          88.696612,
          26.547533
        ]
      },
      "properties": {
        "id": "demo-0164",
        "complaintNumber": "CJPL-20240601-0164",
        "category": "WATER_LEAKAGE",
        "status": "IN_PROGRESS",
        "priorityScore": 60,
        "wardNumber": 16,
        "wardName": "Kachhari Para",
        "submittedAt": "2026-05-01T21:00:55.486900",
        "color": "#3b82f6",
        "description": "Sample water leakage complaint in Kachhari Para"
      }
    },
    {
      "type": "Feature",
      "geometry": {
        "type": "Point",
        "coordinates": [
          88.706753,
          26.54828
        ]
      },
      "properties": {
        "id": "demo-0165",
        "complaintNumber": "CJPL-20240601-0165",
        "category": "ROAD_DAMAGE",
        "status": "ASSIGNED",
        "priorityScore": 70,
        "wardNumber": 16,
        "wardName": "Kachhari Para",
        "submittedAt": "2026-05-25T16:00:55.486985",
        "color": "#f97316",
        "description": "Sample road damage complaint in Kachhari Para"
      }
    },
    {
      "type": "Feature",
      "geometry": {
        "type": "Point",
        "coordinates": [
          88.724154,
          26.533147
        ]
      },
      "properties": {
        "id": "demo-0166",
        "complaintNumber": "CJPL-20240601-0166",
        "category": "GARBAGE",
        "status": "IN_PROGRESS",
        "priorityScore": 77,
        "wardNumber": 9,
        "wardName": "Dinbazar",
        "submittedAt": "2026-04-23T18:00:55.487014",
        "color": "#ef4444",
        "description": "Sample garbage complaint in Dinbazar"
      }
    },
    {
      "type": "Feature",
      "geometry": {
        "type": "Point",
        "coordinates": [
          88.735195,
          26.53741
        ]
      },
      "properties": {
        "id": "demo-0167",
        "complaintNumber": "CJPL-20240601-0167",
        "category": "ROAD_DAMAGE",
        "status": "IN_PROGRESS",
        "priorityScore": 43,
        "wardNumber": 7,
        "wardName": "Khagrabari",
        "submittedAt": "2026-05-23T08:00:55.487036",
        "color": "#f97316",
        "description": "Sample road damage complaint in Khagrabari"
      }
    },
    {
      "type": "Feature",
      "geometry": {
        "type": "Point",
        "coordinates": [
          88.70478,
          26.549766
        ]
      },
      "properties": {
        "id": "demo-0168",
        "complaintNumber": "CJPL-20240601-0168",
        "category": "ROAD_DAMAGE",
        "status": "ASSIGNED",
        "priorityScore": 48,
        "wardNumber": 1,
        "wardName": "Kadamtala",
        "submittedAt": "2026-05-09T19:00:55.487048",
        "color": "#f97316",
        "description": "Sample road damage complaint in Kadamtala"
      }
    },
    {
      "type": "Feature",
      "geometry": {
        "type": "Point",
        "coordinates": [
          88.729813,
          26.542475
        ]
      },
      "properties": {
        "id": "demo-0169",
        "complaintNumber": "CJPL-20240601-0169",
        "category": "WATER_SUPPLY",
        "status": "IN_PROGRESS",
        "priorityScore": 43,
        "wardNumber": 6,
        "wardName": "Netaji Para",
        "submittedAt": "2026-04-16T06:00:55.487062",
        "color": "#06b6d4",
        "description": "Sample water supply complaint in Netaji Para"
      }
    },
    {
      "type": "Feature",
      "geometry": {
        "type": "Point",
        "coordinates": [
          88.724599,
          26.546309
        ]
      },
      "properties": {
        "id": "demo-0170",
        "complaintNumber": "CJPL-20240601-0170",
        "category": "ROAD_DAMAGE",
        "status": "RESOLVED",
        "priorityScore": 43,
        "wardNumber": 5,
        "wardName": "Hospital Para",
        "submittedAt": "2026-04-25T07:00:55.487078",
        "color": "#f97316",
        "description": "Sample road damage complaint in Hospital Para"
      }
    },
    {
      "type": "Feature",
      "geometry": {
        "type": "Point",
        "coordinates": [
          88.70863,
          26.552514
        ]
      },
      "properties": {
        "id": "demo-0171",
        "complaintNumber": "CJPL-20240601-0171",
        "category": "STREETLIGHT_FAILURE",
        "status": "CLOSED",
        "priorityScore": 53,
        "wardNumber": 2,
        "wardName": "Deshbandhu Para",
        "submittedAt": "2026-04-09T02:00:55.487098",
        "color": "#eab308",
        "description": "Sample streetlight failure complaint in Deshbandhu Para"
      }
    },
    {
      "type": "Feature",
      "geometry": {
        "type": "Point",
        "coordinates": [
          88.72922,
          26.541511
        ]
      },
      "properties": {
        "id": "demo-0172",
        "complaintNumber": "CJPL-20240601-0172",
        "category": "OTHER",
        "status": "IN_PROGRESS",
        "priorityScore": 45,
        "wardNumber": 6,
        "wardName": "Netaji Para",
        "submittedAt": "2026-03-22T19:00:55.487112",
        "color": "#6b7280",
        "description": "Sample other complaint in Netaji Para"
      }
    },
    {
      "type": "Feature",
      "geometry": {
        "type": "Point",
        "coordinates": [
          88.71392,
          26.547402
        ]
      },
      "properties": {
        "id": "demo-0173",
        "complaintNumber": "CJPL-20240601-0173",
        "category": "GARBAGE",
        "status": "IN_PROGRESS",
        "priorityScore": 57,
        "wardNumber": 2,
        "wardName": "Deshbandhu Para",
        "submittedAt": "2026-04-04T08:00:55.487129",
        "color": "#ef4444",
        "description": "Sample garbage complaint in Deshbandhu Para"
      }
    },
    {
      "type": "Feature",
      "geometry": {
        "type": "Point",
        "coordinates": [
          88.696088,
          26.537905
        ]
      },
      "properties": {
        "id": "demo-0174",
        "complaintNumber": "CJPL-20240601-0174",
        "category": "GARBAGE",
        "status": "IN_PROGRESS",
        "priorityScore": 69,
        "wardNumber": 14,
        "wardName": "Kamat Para",
        "submittedAt": "2026-04-28T17:00:55.487151",
        "color": "#ef4444",
        "description": "Sample garbage complaint in Kamat Para"
      }
    },
    {
      "type": "Feature",
      "geometry": {
        "type": "Point",
        "coordinates": [
          88.703655,
          26.554515
        ]
      },
      "properties": {
        "id": "demo-0175",
        "complaintNumber": "CJPL-20240601-0175",
        "category": "DRAINAGE",
        "status": "ASSIGNED",
        "priorityScore": 60,
        "wardNumber": 1,
        "wardName": "Kadamtala",
        "submittedAt": "2026-05-09T16:00:55.487179",
        "color": "#8b5cf6",
        "description": "Sample drainage complaint in Kadamtala"
      }
    },
    {
      "type": "Feature",
      "geometry": {
        "type": "Point",
        "coordinates": [
          88.701965,
          26.529535
        ]
      },
      "properties": {
        "id": "demo-0176",
        "complaintNumber": "CJPL-20240601-0176",
        "category": "GARBAGE",
        "status": "RESOLVED",
        "priorityScore": 73,
        "wardNumber": 12,
        "wardName": "Malopara",
        "submittedAt": "2026-03-29T13:00:55.487199",
        "color": "#ef4444",
        "description": "Sample garbage complaint in Malopara"
      }
    },
    {
      "type": "Feature",
      "geometry": {
        "type": "Point",
        "coordinates": [
          88.694997,
          26.539984
        ]
      },
      "properties": {
        "id": "demo-0177",
        "complaintNumber": "CJPL-20240601-0177",
        "category": "ILLEGAL_DUMPING",
        "status": "ASSIGNED",
        "priorityScore": 35,
        "wardNumber": 14,
        "wardName": "Kamat Para",
        "submittedAt": "2026-03-28T20:00:55.487219",
        "color": "#ec4899",
        "description": "Sample illegal dumping complaint in Kamat Para"
      }
    },
    {
      "type": "Feature",
      "geometry": {
        "type": "Point",
        "coordinates": [
          88.728261,
          26.548755
        ]
      },
      "properties": {
        "id": "demo-0178",
        "complaintNumber": "CJPL-20240601-0178",
        "category": "WATER_LEAKAGE",
        "status": "RESOLVED",
        "priorityScore": 60,
        "wardNumber": 19,
        "wardName": "Purba Jalpaiguri",
        "submittedAt": "2026-05-17T02:00:55.487255",
        "color": "#3b82f6",
        "description": "Sample water leakage complaint in Purba Jalpaiguri"
      }
    },
    {
      "type": "Feature",
      "geometry": {
        "type": "Point",
        "coordinates": [
          88.73001,
          26.541997
        ]
      },
      "properties": {
        "id": "demo-0179",
        "complaintNumber": "CJPL-20240601-0179",
        "category": "DRAINAGE",
        "status": "RESOLVED",
        "priorityScore": 73,
        "wardNumber": 6,
        "wardName": "Netaji Para",
        "submittedAt": "2026-05-28T18:00:55.487284",
        "color": "#8b5cf6",
        "description": "Sample drainage complaint in Netaji Para"
      }
    },
    {
      "type": "Feature",
      "geometry": {
        "type": "Point",
        "coordinates": [
          88.712339,
          26.55201
        ]
      },
      "properties": {
        "id": "demo-0180",
        "complaintNumber": "CJPL-20240601-0180",
        "category": "ROAD_DAMAGE",
        "status": "SUBMITTED",
        "priorityScore": 80,
        "wardNumber": 2,
        "wardName": "Deshbandhu Para",
        "submittedAt": "2026-03-18T18:00:55.487305",
        "color": "#f97316",
        "description": "Sample road damage complaint in Deshbandhu Para"
      }
    },
    {
      "type": "Feature",
      "geometry": {
        "type": "Point",
        "coordinates": [
          88.703705,
          26.549453
        ]
      },
      "properties": {
        "id": "demo-0181",
        "complaintNumber": "CJPL-20240601-0181",
        "category": "ROAD_DAMAGE",
        "status": "ASSIGNED",
        "priorityScore": 82,
        "wardNumber": 16,
        "wardName": "Kachhari Para",
        "submittedAt": "2026-04-15T06:00:55.487329",
        "color": "#f97316",
        "description": "Sample road damage complaint in Kachhari Para"
      }
    },
    {
      "type": "Feature",
      "geometry": {
        "type": "Point",
        "coordinates": [
          88.736846,
          26.536791
        ]
      },
      "properties": {
        "id": "demo-0182",
        "complaintNumber": "CJPL-20240601-0182",
        "category": "WATER_LEAKAGE",
        "status": "RESOLVED",
        "priorityScore": 92,
        "wardNumber": 7,
        "wardName": "Khagrabari",
        "submittedAt": "2026-04-27T01:00:55.487355",
        "color": "#3b82f6",
        "description": "Sample water leakage complaint in Khagrabari"
      }
    },
    {
      "type": "Feature",
      "geometry": {
        "type": "Point",
        "coordinates": [
          88.712574,
          26.536113
        ]
      },
      "properties": {
        "id": "demo-0183",
        "complaintNumber": "CJPL-20240601-0183",
        "category": "ROAD_DAMAGE",
        "status": "RESOLVED",
        "priorityScore": 47,
        "wardNumber": 10,
        "wardName": "Kotwali",
        "submittedAt": "2026-04-01T03:00:55.487372",
        "color": "#f97316",
        "description": "Sample road damage complaint in Kotwali"
      }
    },
    {
      "type": "Feature",
      "geometry": {
        "type": "Point",
        "coordinates": [
          88.720429,
          26.537477
        ]
      },
      "properties": {
        "id": "demo-0184",
        "complaintNumber": "CJPL-20240601-0184",
        "category": "DRAINAGE",
        "status": "ASSIGNED",
        "priorityScore": 67,
        "wardNumber": 9,
        "wardName": "Dinbazar",
        "submittedAt": "2026-04-05T14:00:55.487393",
        "color": "#8b5cf6",
        "description": "Sample drainage complaint in Dinbazar"
      }
    },
    {
      "type": "Feature",
      "geometry": {
        "type": "Point",
        "coordinates": [
          88.725461,
          26.543126
        ]
      },
      "properties": {
        "id": "demo-0185",
        "complaintNumber": "CJPL-20240601-0185",
        "category": "GARBAGE",
        "status": "ASSIGNED",
        "priorityScore": 84,
        "wardNumber": 5,
        "wardName": "Hospital Para",
        "submittedAt": "2026-05-04T06:00:55.487412",
        "color": "#ef4444",
        "description": "Sample garbage complaint in Hospital Para"
      }
    },
    {
      "type": "Feature",
      "geometry": {
        "type": "Point",
        "coordinates": [
          88.721551,
          26.555737
        ]
      },
      "properties": {
        "id": "demo-0186",
        "complaintNumber": "CJPL-20240601-0186",
        "category": "STREETLIGHT_FAILURE",
        "status": "IN_PROGRESS",
        "priorityScore": 42,
        "wardNumber": 18,
        "wardName": "Bhagat Singh Colony",
        "submittedAt": "2026-04-21T13:00:55.487428",
        "color": "#eab308",
        "description": "Sample streetlight failure complaint in Bhagat Singh Colony"
      }
    },
    {
      "type": "Feature",
      "geometry": {
        "type": "Point",
        "coordinates": [
          88.711343,
          26.549564
        ]
      },
      "properties": {
        "id": "demo-0187",
        "complaintNumber": "CJPL-20240601-0187",
        "category": "DRAINAGE",
        "status": "IN_PROGRESS",
        "priorityScore": 60,
        "wardNumber": 2,
        "wardName": "Deshbandhu Para",
        "submittedAt": "2026-03-15T05:00:55.487440",
        "color": "#8b5cf6",
        "description": "Sample drainage complaint in Deshbandhu Para"
      }
    },
    {
      "type": "Feature",
      "geometry": {
        "type": "Point",
        "coordinates": [
          88.712943,
          26.533016
        ]
      },
      "properties": {
        "id": "demo-0188",
        "complaintNumber": "CJPL-20240601-0188",
        "category": "DRAINAGE",
        "status": "ASSIGNED",
        "priorityScore": 72,
        "wardNumber": 10,
        "wardName": "Kotwali",
        "submittedAt": "2026-05-08T17:00:55.487449",
        "color": "#8b5cf6",
        "description": "Sample drainage complaint in Kotwali"
      }
    },
    {
      "type": "Feature",
      "geometry": {
        "type": "Point",
        "coordinates": [
          88.717981,
          26.547976
        ]
      },
      "properties": {
        "id": "demo-0189",
        "complaintNumber": "CJPL-20240601-0189",
        "category": "GARBAGE",
        "status": "RESOLVED",
        "priorityScore": 54,
        "wardNumber": 3,
        "wardName": "Rajbari",
        "submittedAt": "2026-04-01T03:00:55.487457",
        "color": "#ef4444",
        "description": "Sample garbage complaint in Rajbari"
      }
    },
    {
      "type": "Feature",
      "geometry": {
        "type": "Point",
        "coordinates": [
          88.707586,
          26.536044
        ]
      },
      "properties": {
        "id": "demo-0190",
        "complaintNumber": "CJPL-20240601-0190",
        "category": "ILLEGAL_DUMPING",
        "status": "ASSIGNED",
        "priorityScore": 49,
        "wardNumber": 11,
        "wardName": "Rajganj Road",
        "submittedAt": "2026-04-27T20:00:55.487466",
        "color": "#ec4899",
        "description": "Sample illegal dumping complaint in Rajganj Road"
      }
    },
    {
      "type": "Feature",
      "geometry": {
        "type": "Point",
        "coordinates": [
          88.725402,
          26.536441
        ]
      },
      "properties": {
        "id": "demo-0191",
        "complaintNumber": "CJPL-20240601-0191",
        "category": "GARBAGE",
        "status": "SUBMITTED",
        "priorityScore": 76,
        "wardNumber": 8,
        "wardName": "Ananda Para",
        "submittedAt": "2026-04-04T00:00:55.487488",
        "color": "#ef4444",
        "description": "Sample garbage complaint in Ananda Para"
      }
    },
    {
      "type": "Feature",
      "geometry": {
        "type": "Point",
        "coordinates": [
          88.718535,
          26.544545
        ]
      },
      "properties": {
        "id": "demo-0192",
        "complaintNumber": "CJPL-20240601-0192",
        "category": "GARBAGE",
        "status": "ASSIGNED",
        "priorityScore": 41,
        "wardNumber": 4,
        "wardName": "Station Para",
        "submittedAt": "2026-04-03T10:00:55.487510",
        "color": "#ef4444",
        "description": "Sample garbage complaint in Station Para"
      }
    },
    {
      "type": "Feature",
      "geometry": {
        "type": "Point",
        "coordinates": [
          88.706216,
          26.53325
        ]
      },
      "properties": {
        "id": "demo-0193",
        "complaintNumber": "CJPL-20240601-0193",
        "category": "WATER_SUPPLY",
        "status": "IN_PROGRESS",
        "priorityScore": 75,
        "wardNumber": 12,
        "wardName": "Malopara",
        "submittedAt": "2026-05-28T07:00:55.487529",
        "color": "#06b6d4",
        "description": "Sample water supply complaint in Malopara"
      }
    },
    {
      "type": "Feature",
      "geometry": {
        "type": "Point",
        "coordinates": [
          88.713428,
          26.536806
        ]
      },
      "properties": {
        "id": "demo-0194",
        "complaintNumber": "CJPL-20240601-0194",
        "category": "GARBAGE",
        "status": "SUBMITTED",
        "priorityScore": 79,
        "wardNumber": 10,
        "wardName": "Kotwali",
        "submittedAt": "2026-04-11T07:00:55.487682",
        "color": "#ef4444",
        "description": "Sample garbage complaint in Kotwali"
      }
    },
    {
      "type": "Feature",
      "geometry": {
        "type": "Point",
        "coordinates": [
          88.716501,
          26.546203
        ]
      },
      "properties": {
        "id": "demo-0195",
        "complaintNumber": "CJPL-20240601-0195",
        "category": "WATER_SUPPLY",
        "status": "SUBMITTED",
        "priorityScore": 49,
        "wardNumber": 4,
        "wardName": "Station Para",
        "submittedAt": "2026-05-26T15:00:55.487714",
        "color": "#06b6d4",
        "description": "Sample water supply complaint in Station Para"
      }
    },
    {
      "type": "Feature",
      "geometry": {
        "type": "Point",
        "coordinates": [
          88.707699,
          26.54928
        ]
      },
      "properties": {
        "id": "demo-0196",
        "complaintNumber": "CJPL-20240601-0196",
        "category": "WATER_LEAKAGE",
        "status": "ASSIGNED",
        "priorityScore": 69,
        "wardNumber": 16,
        "wardName": "Kachhari Para",
        "submittedAt": "2026-06-09T02:00:55.487730",
        "color": "#3b82f6",
        "description": "Sample water leakage complaint in Kachhari Para"
      }
    },
    {
      "type": "Feature",
      "geometry": {
        "type": "Point",
        "coordinates": [
          88.704596,
          26.550472
        ]
      },
      "properties": {
        "id": "demo-0197",
        "complaintNumber": "CJPL-20240601-0197",
        "category": "WATER_LEAKAGE",
        "status": "RESOLVED",
        "priorityScore": 71,
        "wardNumber": 1,
        "wardName": "Kadamtala",
        "submittedAt": "2026-03-26T00:00:55.487744",
        "color": "#3b82f6",
        "description": "Sample water leakage complaint in Kadamtala"
      }
    },
    {
      "type": "Feature",
      "geometry": {
        "type": "Point",
        "coordinates": [
          88.715727,
          26.544477
        ]
      },
      "properties": {
        "id": "demo-0198",
        "complaintNumber": "CJPL-20240601-0198",
        "category": "ROAD_DAMAGE",
        "status": "IN_PROGRESS",
        "priorityScore": 46,
        "wardNumber": 3,
        "wardName": "Rajbari",
        "submittedAt": "2026-05-14T20:00:55.487753",
        "color": "#f97316",
        "description": "Sample road damage complaint in Rajbari"
      }
    },
    {
      "type": "Feature",
      "geometry": {
        "type": "Point",
        "coordinates": [
          88.721374,
          26.556586
        ]
      },
      "properties": {
        "id": "demo-0199",
        "complaintNumber": "CJPL-20240601-0199",
        "category": "GARBAGE",
        "status": "SUBMITTED",
        "priorityScore": 52,
        "wardNumber": 18,
        "wardName": "Bhagat Singh Colony",
        "submittedAt": "2026-04-21T10:00:55.487762",
        "color": "#ef4444",
        "description": "Sample garbage complaint in Bhagat Singh Colony"
      }
    },
    {
      "type": "Feature",
      "geometry": {
        "type": "Point",
        "coordinates": [
          88.725923,
          26.539552
        ]
      },
      "properties": {
        "id": "demo-0200",
        "complaintNumber": "CJPL-20240601-0200",
        "category": "STREETLIGHT_FAILURE",
        "status": "IN_PROGRESS",
        "priorityScore": 95,
        "wardNumber": 5,
        "wardName": "Hospital Para",
        "submittedAt": "2026-03-18T17:00:55.487771",
        "color": "#eab308",
        "description": "Sample streetlight failure complaint in Hospital Para"
      }
    },
    {
      "type": "Feature",
      "geometry": {
        "type": "Point",
        "coordinates": [
          88.712714,
          26.536398
        ]
      },
      "properties": {
        "id": "demo-0201",
        "complaintNumber": "CJPL-20240601-0201",
        "category": "ROAD_DAMAGE",
        "status": "SUBMITTED",
        "priorityScore": 47,
        "wardNumber": 10,
        "wardName": "Kotwali",
        "submittedAt": "2026-03-17T20:00:55.487779",
        "color": "#f97316",
        "description": "Sample road damage complaint in Kotwali"
      }
    },
    {
      "type": "Feature",
      "geometry": {
        "type": "Point",
        "coordinates": [
          88.722799,
          26.537292
        ]
      },
      "properties": {
        "id": "demo-0202",
        "complaintNumber": "CJPL-20240601-0202",
        "category": "DRAINAGE",
        "status": "IN_PROGRESS",
        "priorityScore": 60,
        "wardNumber": 9,
        "wardName": "Dinbazar",
        "submittedAt": "2026-04-13T15:00:55.487789",
        "color": "#8b5cf6",
        "description": "Sample drainage complaint in Dinbazar"
      }
    },
    {
      "type": "Feature",
      "geometry": {
        "type": "Point",
        "coordinates": [
          88.700662,
          26.547546
        ]
      },
      "properties": {
        "id": "demo-0203",
        "complaintNumber": "CJPL-20240601-0203",
        "category": "STREETLIGHT_FAILURE",
        "status": "RESOLVED",
        "priorityScore": 80,
        "wardNumber": 15,
        "wardName": "Santosh Para",
        "submittedAt": "2026-04-13T10:00:55.487807",
        "color": "#eab308",
        "description": "Sample streetlight failure complaint in Santosh Para"
      }
    },
    {
      "type": "Feature",
      "geometry": {
        "type": "Point",
        "coordinates": [
          88.70945,
          26.552421
        ]
      },
      "properties": {
        "id": "demo-0204",
        "complaintNumber": "CJPL-20240601-0204",
        "category": "GARBAGE",
        "status": "IN_PROGRESS",
        "priorityScore": 37,
        "wardNumber": 1,
        "wardName": "Kadamtala",
        "submittedAt": "2026-04-22T03:00:55.487818",
        "color": "#ef4444",
        "description": "Sample garbage complaint in Kadamtala"
      }
    },
    {
      "type": "Feature",
      "geometry": {
        "type": "Point",
        "coordinates": [
          88.695824,
          26.539653
        ]
      },
      "properties": {
        "id": "demo-0205",
        "complaintNumber": "CJPL-20240601-0205",
        "category": "ROAD_DAMAGE",
        "status": "IN_PROGRESS",
        "priorityScore": 31,
        "wardNumber": 14,
        "wardName": "Kamat Para",
        "submittedAt": "2026-03-21T11:00:55.487827",
        "color": "#f97316",
        "description": "Sample road damage complaint in Kamat Para"
      }
    },
    {
      "type": "Feature",
      "geometry": {
        "type": "Point",
        "coordinates": [
          88.728466,
          26.537348
        ]
      },
      "properties": {
        "id": "demo-0206",
        "complaintNumber": "CJPL-20240601-0206",
        "category": "ROAD_DAMAGE",
        "status": "SUBMITTED",
        "priorityScore": 78,
        "wardNumber": 6,
        "wardName": "Netaji Para",
        "submittedAt": "2026-05-23T23:00:55.487836",
        "color": "#f97316",
        "description": "Sample road damage complaint in Netaji Para"
      }
    },
    {
      "type": "Feature",
      "geometry": {
        "type": "Point",
        "coordinates": [
          88.709639,
          26.53257
        ]
      },
      "properties": {
        "id": "demo-0207",
        "complaintNumber": "CJPL-20240601-0207",
        "category": "ILLEGAL_DUMPING",
        "status": "IN_PROGRESS",
        "priorityScore": 31,
        "wardNumber": 11,
        "wardName": "Rajganj Road",
        "submittedAt": "2026-04-07T11:00:55.487845",
        "color": "#ec4899",
        "description": "Sample illegal dumping complaint in Rajganj Road"
      }
    },
    {
      "type": "Feature",
      "geometry": {
        "type": "Point",
        "coordinates": [
          88.694106,
          26.540592
        ]
      },
      "properties": {
        "id": "demo-0208",
        "complaintNumber": "CJPL-20240601-0208",
        "category": "GARBAGE",
        "status": "IN_PROGRESS",
        "priorityScore": 78,
        "wardNumber": 14,
        "wardName": "Kamat Para",
        "submittedAt": "2026-05-19T16:00:55.487854",
        "color": "#ef4444",
        "description": "Sample garbage complaint in Kamat Para"
      }
    },
    {
      "type": "Feature",
      "geometry": {
        "type": "Point",
        "coordinates": [
          88.730095,
          26.544047
        ]
      },
      "properties": {
        "id": "demo-0209",
        "complaintNumber": "CJPL-20240601-0209",
        "category": "WATER_SUPPLY",
        "status": "IN_PROGRESS",
        "priorityScore": 42,
        "wardNumber": 6,
        "wardName": "Netaji Para",
        "submittedAt": "2026-03-15T20:00:55.487862",
        "color": "#06b6d4",
        "description": "Sample water supply complaint in Netaji Para"
      }
    },
    {
      "type": "Feature",
      "geometry": {
        "type": "Point",
        "coordinates": [
          88.715726,
          26.546504
        ]
      },
      "properties": {
        "id": "demo-0210",
        "complaintNumber": "CJPL-20240601-0210",
        "category": "GARBAGE",
        "status": "RESOLVED",
        "priorityScore": 80,
        "wardNumber": 3,
        "wardName": "Rajbari",
        "submittedAt": "2026-05-11T04:00:55.487870",
        "color": "#ef4444",
        "description": "Sample garbage complaint in Rajbari"
      }
    },
    {
      "type": "Feature",
      "geometry": {
        "type": "Point",
        "coordinates": [
          88.719297,
          26.560109
        ]
      },
      "properties": {
        "id": "demo-0211",
        "complaintNumber": "CJPL-20240601-0211",
        "category": "WATER_LEAKAGE",
        "status": "IN_PROGRESS",
        "priorityScore": 69,
        "wardNumber": 18,
        "wardName": "Bhagat Singh Colony",
        "submittedAt": "2026-04-04T17:00:55.487880",
        "color": "#3b82f6",
        "description": "Sample water leakage complaint in Bhagat Singh Colony"
      }
    },
    {
      "type": "Feature",
      "geometry": {
        "type": "Point",
        "coordinates": [
          88.697998,
          26.536968
        ]
      },
      "properties": {
        "id": "demo-0212",
        "complaintNumber": "CJPL-20240601-0212",
        "category": "GARBAGE",
        "status": "ASSIGNED",
        "priorityScore": 56,
        "wardNumber": 13,
        "wardName": "Babu Para",
        "submittedAt": "2026-05-01T14:00:55.487888",
        "color": "#ef4444",
        "description": "Sample garbage complaint in Babu Para"
      }
    },
    {
      "type": "Feature",
      "geometry": {
        "type": "Point",
        "coordinates": [
          88.709544,
          26.549615
        ]
      },
      "properties": {
        "id": "demo-0213",
        "complaintNumber": "CJPL-20240601-0213",
        "category": "DRAINAGE",
        "status": "SUBMITTED",
        "priorityScore": 60,
        "wardNumber": 2,
        "wardName": "Deshbandhu Para",
        "submittedAt": "2026-05-29T07:00:55.487907",
        "color": "#8b5cf6",
        "description": "Sample drainage complaint in Deshbandhu Para"
      }
    },
    {
      "type": "Feature",
      "geometry": {
        "type": "Point",
        "coordinates": [
          88.73123,
          26.535695
        ]
      },
      "properties": {
        "id": "demo-0214",
        "complaintNumber": "CJPL-20240601-0214",
        "category": "WATER_LEAKAGE",
        "status": "RESOLVED",
        "priorityScore": 60,
        "wardNumber": 8,
        "wardName": "Ananda Para",
        "submittedAt": "2026-03-14T16:00:55.487922",
        "color": "#3b82f6",
        "description": "Sample water leakage complaint in Ananda Para"
      }
    },
    {
      "type": "Feature",
      "geometry": {
        "type": "Point",
        "coordinates": [
          88.698554,
          26.546281
        ]
      },
      "properties": {
        "id": "demo-0215",
        "complaintNumber": "CJPL-20240601-0215",
        "category": "ROAD_DAMAGE",
        "status": "IN_PROGRESS",
        "priorityScore": 42,
        "wardNumber": 16,
        "wardName": "Kachhari Para",
        "submittedAt": "2026-05-09T00:00:55.487932",
        "color": "#f97316",
        "description": "Sample road damage complaint in Kachhari Para"
      }
    },
    {
      "type": "Feature",
      "geometry": {
        "type": "Point",
        "coordinates": [
          88.69912,
          26.548161
        ]
      },
      "properties": {
        "id": "demo-0216",
        "complaintNumber": "CJPL-20240601-0216",
        "category": "DRAINAGE",
        "status": "RESOLVED",
        "priorityScore": 80,
        "wardNumber": 15,
        "wardName": "Santosh Para",
        "submittedAt": "2026-05-11T06:00:55.487970",
        "color": "#8b5cf6",
        "description": "Sample drainage complaint in Santosh Para"
      }
    },
    {
      "type": "Feature",
      "geometry": {
        "type": "Point",
        "coordinates": [
          88.712393,
          26.55187
        ]
      },
      "properties": {
        "id": "demo-0217",
        "complaintNumber": "CJPL-20240601-0217",
        "category": "WATER_SUPPLY",
        "status": "SUBMITTED",
        "priorityScore": 86,
        "wardNumber": 17,
        "wardName": "Titu Para",
        "submittedAt": "2026-05-12T08:00:55.487987",
        "color": "#06b6d4",
        "description": "Sample water supply complaint in Titu Para"
      }
    },
    {
      "type": "Feature",
      "geometry": {
        "type": "Point",
        "coordinates": [
          88.721935,
          26.546102
        ]
      },
      "properties": {
        "id": "demo-0218",
        "complaintNumber": "CJPL-20240601-0218",
        "category": "WATER_LEAKAGE",
        "status": "IN_PROGRESS",
        "priorityScore": 60,
        "wardNumber": 4,
        "wardName": "Station Para",
        "submittedAt": "2026-05-30T06:00:55.487999",
        "color": "#3b82f6",
        "description": "Sample water leakage complaint in Station Para"
      }
    },
    {
      "type": "Feature",
      "geometry": {
        "type": "Point",
        "coordinates": [
          88.720418,
          26.536275
        ]
      },
      "properties": {
        "id": "demo-0219",
        "complaintNumber": "CJPL-20240601-0219",
        "category": "GARBAGE",
        "status": "RESOLVED",
        "priorityScore": 86,
        "wardNumber": 9,
        "wardName": "Dinbazar",
        "submittedAt": "2026-05-10T03:00:55.488009",
        "color": "#ef4444",
        "description": "Sample garbage complaint in Dinbazar"
      }
    },
    {
      "type": "Feature",
      "geometry": {
        "type": "Point",
        "coordinates": [
          88.710148,
          26.550955
        ]
      },
      "properties": {
        "id": "demo-0220",
        "complaintNumber": "CJPL-20240601-0220",
        "category": "GARBAGE",
        "status": "RESOLVED",
        "priorityScore": 48,
        "wardNumber": 2,
        "wardName": "Deshbandhu Para",
        "submittedAt": "2026-03-26T00:00:55.488017",
        "color": "#ef4444",
        "description": "Sample garbage complaint in Deshbandhu Para"
      }
    },
    {
      "type": "Feature",
      "geometry": {
        "type": "Point",
        "coordinates": [
          88.73257,
          26.539865
        ]
      },
      "properties": {
        "id": "demo-0221",
        "complaintNumber": "CJPL-20240601-0221",
        "category": "ILLEGAL_DUMPING",
        "status": "SUBMITTED",
        "priorityScore": 49,
        "wardNumber": 7,
        "wardName": "Khagrabari",
        "submittedAt": "2026-06-01T19:00:55.488027",
        "color": "#ec4899",
        "description": "Sample illegal dumping complaint in Khagrabari"
      }
    },
    {
      "type": "Feature",
      "geometry": {
        "type": "Point",
        "coordinates": [
          88.728392,
          26.540027
        ]
      },
      "properties": {
        "id": "demo-0222",
        "complaintNumber": "CJPL-20240601-0222",
        "category": "DRAINAGE",
        "status": "RESOLVED",
        "priorityScore": 84,
        "wardNumber": 6,
        "wardName": "Netaji Para",
        "submittedAt": "2026-05-20T02:00:55.488036",
        "color": "#8b5cf6",
        "description": "Sample drainage complaint in Netaji Para"
      }
    },
    {
      "type": "Feature",
      "geometry": {
        "type": "Point",
        "coordinates": [
          88.722562,
          26.546167
        ]
      },
      "properties": {
        "id": "demo-0223",
        "complaintNumber": "CJPL-20240601-0223",
        "category": "ROAD_DAMAGE",
        "status": "RESOLVED",
        "priorityScore": 39,
        "wardNumber": 4,
        "wardName": "Station Para",
        "submittedAt": "2026-05-05T06:00:55.488045",
        "color": "#f97316",
        "description": "Sample road damage complaint in Station Para"
      }
    },
    {
      "type": "Feature",
      "geometry": {
        "type": "Point",
        "coordinates": [
          88.707873,
          26.548525
        ]
      },
      "properties": {
        "id": "demo-0224",
        "complaintNumber": "CJPL-20240601-0224",
        "category": "STREETLIGHT_FAILURE",
        "status": "CLOSED",
        "priorityScore": 70,
        "wardNumber": 16,
        "wardName": "Kachhari Para",
        "submittedAt": "2026-03-27T08:00:55.488056",
        "color": "#eab308",
        "description": "Sample streetlight failure complaint in Kachhari Para"
      }
    },
    {
      "type": "Feature",
      "geometry": {
        "type": "Point",
        "coordinates": [
          88.712189,
          26.549662
        ]
      },
      "properties": {
        "id": "demo-0225",
        "complaintNumber": "CJPL-20240601-0225",
        "category": "GARBAGE",
        "status": "RESOLVED",
        "priorityScore": 35,
        "wardNumber": 17,
        "wardName": "Titu Para",
        "submittedAt": "2026-04-24T12:00:55.488066",
        "color": "#ef4444",
        "description": "Sample garbage complaint in Titu Para"
      }
    },
    {
      "type": "Feature",
      "geometry": {
        "type": "Point",
        "coordinates": [
          88.717028,
          26.538743
        ]
      },
      "properties": {
        "id": "demo-0226",
        "complaintNumber": "CJPL-20240601-0226",
        "category": "GARBAGE",
        "status": "RESOLVED",
        "priorityScore": 81,
        "wardNumber": 9,
        "wardName": "Dinbazar",
        "submittedAt": "2026-04-24T07:00:55.488075",
        "color": "#ef4444",
        "description": "Sample garbage complaint in Dinbazar"
      }
    },
    {
      "type": "Feature",
      "geometry": {
        "type": "Point",
        "coordinates": [
          88.695975,
          26.535577
        ]
      },
      "properties": {
        "id": "demo-0227",
        "complaintNumber": "CJPL-20240601-0227",
        "category": "GARBAGE",
        "status": "IN_PROGRESS",
        "priorityScore": 51,
        "wardNumber": 13,
        "wardName": "Babu Para",
        "submittedAt": "2026-04-15T05:00:55.488084",
        "color": "#ef4444",
        "description": "Sample garbage complaint in Babu Para"
      }
    },
    {
      "type": "Feature",
      "geometry": {
        "type": "Point",
        "coordinates": [
          88.724518,
          26.542396
        ]
      },
      "properties": {
        "id": "demo-0228",
        "complaintNumber": "CJPL-20240601-0228",
        "category": "GARBAGE",
        "status": "SUBMITTED",
        "priorityScore": 71,
        "wardNumber": 4,
        "wardName": "Station Para",
        "submittedAt": "2026-03-18T08:00:55.488092",
        "color": "#ef4444",
        "description": "Sample garbage complaint in Station Para"
      }
    },
    {
      "type": "Feature",
      "geometry": {
        "type": "Point",
        "coordinates": [
          88.720853,
          26.544137
        ]
      },
      "properties": {
        "id": "demo-0229",
        "complaintNumber": "CJPL-20240601-0229",
        "category": "GARBAGE",
        "status": "ASSIGNED",
        "priorityScore": 34,
        "wardNumber": 3,
        "wardName": "Rajbari",
        "submittedAt": "2026-06-02T12:00:55.488103",
        "color": "#ef4444",
        "description": "Sample garbage complaint in Rajbari"
      }
    },
    {
      "type": "Feature",
      "geometry": {
        "type": "Point",
        "coordinates": [
          88.738759,
          26.548691
        ]
      },
      "properties": {
        "id": "demo-0230",
        "complaintNumber": "CJPL-20240601-0230",
        "category": "GARBAGE",
        "status": "SUBMITTED",
        "priorityScore": 68,
        "wardNumber": 20,
        "wardName": "Paschim Palli",
        "submittedAt": "2026-03-28T16:00:55.488112",
        "color": "#ef4444",
        "description": "Sample garbage complaint in Paschim Palli"
      }
    },
    {
      "type": "Feature",
      "geometry": {
        "type": "Point",
        "coordinates": [
          88.695773,
          26.54109
        ]
      },
      "properties": {
        "id": "demo-0231",
        "complaintNumber": "CJPL-20240601-0231",
        "category": "ILLEGAL_DUMPING",
        "status": "SUBMITTED",
        "priorityScore": 92,
        "wardNumber": 14,
        "wardName": "Kamat Para",
        "submittedAt": "2026-04-27T05:00:55.488122",
        "color": "#ec4899",
        "description": "Sample illegal dumping complaint in Kamat Para"
      }
    },
    {
      "type": "Feature",
      "geometry": {
        "type": "Point",
        "coordinates": [
          88.71,
          26.552461
        ]
      },
      "properties": {
        "id": "demo-0232",
        "complaintNumber": "CJPL-20240601-0232",
        "category": "GARBAGE",
        "status": "RESOLVED",
        "priorityScore": 41,
        "wardNumber": 1,
        "wardName": "Kadamtala",
        "submittedAt": "2026-05-06T10:00:55.488130",
        "color": "#ef4444",
        "description": "Sample garbage complaint in Kadamtala"
      }
    },
    {
      "type": "Feature",
      "geometry": {
        "type": "Point",
        "coordinates": [
          88.710233,
          26.548297
        ]
      },
      "properties": {
        "id": "demo-0233",
        "complaintNumber": "CJPL-20240601-0233",
        "category": "OTHER",
        "status": "RESOLVED",
        "priorityScore": 67,
        "wardNumber": 17,
        "wardName": "Titu Para",
        "submittedAt": "2026-05-14T02:00:55.488139",
        "color": "#6b7280",
        "description": "Sample other complaint in Titu Para"
      }
    },
    {
      "type": "Feature",
      "geometry": {
        "type": "Point",
        "coordinates": [
          88.712591,
          26.54575
        ]
      },
      "properties": {
        "id": "demo-0234",
        "complaintNumber": "CJPL-20240601-0234",
        "category": "WATER_LEAKAGE",
        "status": "IN_PROGRESS",
        "priorityScore": 60,
        "wardNumber": 2,
        "wardName": "Deshbandhu Para",
        "submittedAt": "2026-06-07T04:00:55.488150",
        "color": "#3b82f6",
        "description": "Sample water leakage complaint in Deshbandhu Para"
      }
    },
    {
      "type": "Feature",
      "geometry": {
        "type": "Point",
        "coordinates": [
          88.738145,
          26.546082
        ]
      },
      "properties": {
        "id": "demo-0235",
        "complaintNumber": "CJPL-20240601-0235",
        "category": "GARBAGE",
        "status": "RESOLVED",
        "priorityScore": 61,
        "wardNumber": 20,
        "wardName": "Paschim Palli",
        "submittedAt": "2026-06-05T17:00:55.488161",
        "color": "#ef4444",
        "description": "Sample garbage complaint in Paschim Palli"
      }
    },
    {
      "type": "Feature",
      "geometry": {
        "type": "Point",
        "coordinates": [
          88.735235,
          26.537886
        ]
      },
      "properties": {
        "id": "demo-0236",
        "complaintNumber": "CJPL-20240601-0236",
        "category": "WATER_LEAKAGE",
        "status": "IN_PROGRESS",
        "priorityScore": 60,
        "wardNumber": 7,
        "wardName": "Khagrabari",
        "submittedAt": "2026-05-03T05:00:55.488170",
        "color": "#3b82f6",
        "description": "Sample water leakage complaint in Khagrabari"
      }
    },
    {
      "type": "Feature",
      "geometry": {
        "type": "Point",
        "coordinates": [
          88.741044,
          26.549723
        ]
      },
      "properties": {
        "id": "demo-0237",
        "complaintNumber": "CJPL-20240601-0237",
        "category": "ROAD_DAMAGE",
        "status": "ASSIGNED",
        "priorityScore": 54,
        "wardNumber": 20,
        "wardName": "Paschim Palli",
        "submittedAt": "2026-04-27T11:00:55.488180",
        "color": "#f97316",
        "description": "Sample road damage complaint in Paschim Palli"
      }
    },
    {
      "type": "Feature",
      "geometry": {
        "type": "Point",
        "coordinates": [
          88.720023,
          26.533104
        ]
      },
      "properties": {
        "id": "demo-0238",
        "complaintNumber": "CJPL-20240601-0238",
        "category": "OTHER",
        "status": "CLOSED",
        "priorityScore": 91,
        "wardNumber": 10,
        "wardName": "Kotwali",
        "submittedAt": "2026-03-21T05:00:55.488189",
        "color": "#6b7280",
        "description": "Sample other complaint in Kotwali"
      }
    },
    {
      "type": "Feature",
      "geometry": {
        "type": "Point",
        "coordinates": [
          88.713096,
          26.533264
        ]
      },
      "properties": {
        "id": "demo-0239",
        "complaintNumber": "CJPL-20240601-0239",
        "category": "STREETLIGHT_FAILURE",
        "status": "IN_PROGRESS",
        "priorityScore": 45,
        "wardNumber": 10,
        "wardName": "Kotwali",
        "submittedAt": "2026-03-20T14:00:55.489323",
        "color": "#eab308",
        "description": "Sample streetlight failure complaint in Kotwali"
      }
    },
    {
      "type": "Feature",
      "geometry": {
        "type": "Point",
        "coordinates": [
          88.72035,
          26.557708
        ]
      },
      "properties": {
        "id": "demo-0240",
        "complaintNumber": "CJPL-20240601-0240",
        "category": "ROAD_DAMAGE",
        "status": "ASSIGNED",
        "priorityScore": 54,
        "wardNumber": 18,
        "wardName": "Bhagat Singh Colony",
        "submittedAt": "2026-04-16T09:00:55.489349",
        "color": "#f97316",
        "description": "Sample road damage complaint in Bhagat Singh Colony"
      }
    },
    {
      "type": "Feature",
      "geometry": {
        "type": "Point",
        "coordinates": [
          88.709833,
          26.547913
        ]
      },
      "properties": {
        "id": "demo-0241",
        "complaintNumber": "CJPL-20240601-0241",
        "category": "ROAD_DAMAGE",
        "status": "SUBMITTED",
        "priorityScore": 77,
        "wardNumber": 2,
        "wardName": "Deshbandhu Para",
        "submittedAt": "2026-04-05T11:00:55.489479",
        "color": "#f97316",
        "description": "Sample road damage complaint in Deshbandhu Para"
      }
    },
    {
      "type": "Feature",
      "geometry": {
        "type": "Point",
        "coordinates": [
          88.699102,
          26.536329
        ]
      },
      "properties": {
        "id": "demo-0242",
        "complaintNumber": "CJPL-20240601-0242",
        "category": "DRAINAGE",
        "status": "RESOLVED",
        "priorityScore": 60,
        "wardNumber": 13,
        "wardName": "Babu Para",
        "submittedAt": "2026-05-20T23:00:55.489503",
        "color": "#8b5cf6",
        "description": "Sample drainage complaint in Babu Para"
      }
    },
    {
      "type": "Feature",
      "geometry": {
        "type": "Point",
        "coordinates": [
          88.69654,
          26.534401
        ]
      },
      "properties": {
        "id": "demo-0243",
        "complaintNumber": "CJPL-20240601-0243",
        "category": "GARBAGE",
        "status": "CLOSED",
        "priorityScore": 42,
        "wardNumber": 13,
        "wardName": "Babu Para",
        "submittedAt": "2026-03-25T05:00:55.489515",
        "color": "#ef4444",
        "description": "Sample garbage complaint in Babu Para"
      }
    },
    {
      "type": "Feature",
      "geometry": {
        "type": "Point",
        "coordinates": [
          88.733272,
          26.541815
        ]
      },
      "properties": {
        "id": "demo-0244",
        "complaintNumber": "CJPL-20240601-0244",
        "category": "ROAD_DAMAGE",
        "status": "ASSIGNED",
        "priorityScore": 83,
        "wardNumber": 6,
        "wardName": "Netaji Para",
        "submittedAt": "2026-05-07T23:00:55.489528",
        "color": "#f97316",
        "description": "Sample road damage complaint in Netaji Para"
      }
    },
    {
      "type": "Feature",
      "geometry": {
        "type": "Point",
        "coordinates": [
          88.713439,
          26.548438
        ]
      },
      "properties": {
        "id": "demo-0245",
        "complaintNumber": "CJPL-20240601-0245",
        "category": "DRAINAGE",
        "status": "RESOLVED",
        "priorityScore": 62,
        "wardNumber": 17,
        "wardName": "Titu Para",
        "submittedAt": "2026-05-13T19:00:55.489539",
        "color": "#8b5cf6",
        "description": "Sample drainage complaint in Titu Para"
      }
    },
    {
      "type": "Feature",
      "geometry": {
        "type": "Point",
        "coordinates": [
          88.712552,
          26.534405
        ]
      },
      "properties": {
        "id": "demo-0246",
        "complaintNumber": "CJPL-20240601-0246",
        "category": "WATER_LEAKAGE",
        "status": "CLOSED",
        "priorityScore": 60,
        "wardNumber": 10,
        "wardName": "Kotwali",
        "submittedAt": "2026-06-09T13:00:55.489550",
        "color": "#3b82f6",
        "description": "Sample water leakage complaint in Kotwali"
      }
    },
    {
      "type": "Feature",
      "geometry": {
        "type": "Point",
        "coordinates": [
          88.700348,
          26.538713
        ]
      },
      "properties": {
        "id": "demo-0247",
        "complaintNumber": "CJPL-20240601-0247",
        "category": "WATER_SUPPLY",
        "status": "ASSIGNED",
        "priorityScore": 85,
        "wardNumber": 14,
        "wardName": "Kamat Para",
        "submittedAt": "2026-04-19T22:00:55.489560",
        "color": "#06b6d4",
        "description": "Sample water supply complaint in Kamat Para"
      }
    },
    {
      "type": "Feature",
      "geometry": {
        "type": "Point",
        "coordinates": [
          88.723432,
          26.537062
        ]
      },
      "properties": {
        "id": "demo-0248",
        "complaintNumber": "CJPL-20240601-0248",
        "category": "GARBAGE",
        "status": "RESOLVED",
        "priorityScore": 78,
        "wardNumber": 8,
        "wardName": "Ananda Para",
        "submittedAt": "2026-04-02T22:00:55.489570",
        "color": "#ef4444",
        "description": "Sample garbage complaint in Ananda Para"
      }
    },
    {
      "type": "Feature",
      "geometry": {
        "type": "Point",
        "coordinates": [
          88.720949,
          26.548944
        ]
      },
      "properties": {
        "id": "demo-0249",
        "complaintNumber": "CJPL-20240601-0249",
        "category": "STREETLIGHT_FAILURE",
        "status": "RESOLVED",
        "priorityScore": 86,
        "wardNumber": 4,
        "wardName": "Station Para",
        "submittedAt": "2026-03-31T07:00:55.489580",
        "color": "#eab308",
        "description": "Sample streetlight failure complaint in Station Para"
      }
    },
    {
      "type": "Feature",
      "geometry": {
        "type": "Point",
        "coordinates": [
          88.699274,
          26.529512
        ]
      },
      "properties": {
        "id": "demo-0250",
        "complaintNumber": "CJPL-20240601-0250",
        "category": "ILLEGAL_DUMPING",
        "status": "IN_PROGRESS",
        "priorityScore": 86,
        "wardNumber": 12,
        "wardName": "Malopara",
        "submittedAt": "2026-04-01T05:00:55.489589",
        "color": "#ec4899",
        "description": "Sample illegal dumping complaint in Malopara"
      }
    },
    {
      "type": "Feature",
      "geometry": {
        "type": "Point",
        "coordinates": [
          88.717294,
          26.549147
        ]
      },
      "properties": {
        "id": "demo-0251",
        "complaintNumber": "CJPL-20240601-0251",
        "category": "DRAINAGE",
        "status": "ASSIGNED",
        "priorityScore": 60,
        "wardNumber": 3,
        "wardName": "Rajbari",
        "submittedAt": "2026-03-27T09:00:55.489598",
        "color": "#8b5cf6",
        "description": "Sample drainage complaint in Rajbari"
      }
    },
    {
      "type": "Feature",
      "geometry": {
        "type": "Point",
        "coordinates": [
          88.726083,
          26.546947
        ]
      },
      "properties": {
        "id": "demo-0252",
        "complaintNumber": "CJPL-20240601-0252",
        "category": "ILLEGAL_DUMPING",
        "status": "CLOSED",
        "priorityScore": 82,
        "wardNumber": 5,
        "wardName": "Hospital Para",
        "submittedAt": "2026-05-23T09:00:55.489607",
        "color": "#ec4899",
        "description": "Sample illegal dumping complaint in Hospital Para"
      }
    },
    {
      "type": "Feature",
      "geometry": {
        "type": "Point",
        "coordinates": [
          88.737662,
          26.545756
        ]
      },
      "properties": {
        "id": "demo-0253",
        "complaintNumber": "CJPL-20240601-0253",
        "category": "WATER_LEAKAGE",
        "status": "IN_PROGRESS",
        "priorityScore": 60,
        "wardNumber": 20,
        "wardName": "Paschim Palli",
        "submittedAt": "2026-04-05T08:00:55.489618",
        "color": "#3b82f6",
        "description": "Sample water leakage complaint in Paschim Palli"
      }
    },
    {
      "type": "Feature",
      "geometry": {
        "type": "Point",
        "coordinates": [
          88.733842,
          26.541003
        ]
      },
      "properties": {
        "id": "demo-0254",
        "complaintNumber": "CJPL-20240601-0254",
        "category": "GARBAGE",
        "status": "IN_PROGRESS",
        "priorityScore": 37,
        "wardNumber": 7,
        "wardName": "Khagrabari",
        "submittedAt": "2026-05-13T11:00:55.489627",
        "color": "#ef4444",
        "description": "Sample garbage complaint in Khagrabari"
      }
    },
    {
      "type": "Feature",
      "geometry": {
        "type": "Point",
        "coordinates": [
          88.723088,
          26.543319
        ]
      },
      "properties": {
        "id": "demo-0255",
        "complaintNumber": "CJPL-20240601-0255",
        "category": "WATER_SUPPLY",
        "status": "ASSIGNED",
        "priorityScore": 93,
        "wardNumber": 4,
        "wardName": "Station Para",
        "submittedAt": "2026-05-26T17:00:55.489638",
        "color": "#06b6d4",
        "description": "Sample water supply complaint in Station Para"
      }
    },
    {
      "type": "Feature",
      "geometry": {
        "type": "Point",
        "coordinates": [
          88.72948,
          26.539106
        ]
      },
      "properties": {
        "id": "demo-0256",
        "complaintNumber": "CJPL-20240601-0256",
        "category": "ROAD_DAMAGE",
        "status": "SUBMITTED",
        "priorityScore": 93,
        "wardNumber": 8,
        "wardName": "Ananda Para",
        "submittedAt": "2026-05-30T12:00:55.489649",
        "color": "#f97316",
        "description": "Sample road damage complaint in Ananda Para"
      }
    },
    {
      "type": "Feature",
      "geometry": {
        "type": "Point",
        "coordinates": [
          88.709823,
          26.535909
        ]
      },
      "properties": {
        "id": "demo-0257",
        "complaintNumber": "CJPL-20240601-0257",
        "category": "STREETLIGHT_FAILURE",
        "status": "RESOLVED",
        "priorityScore": 83,
        "wardNumber": 10,
        "wardName": "Kotwali",
        "submittedAt": "2026-04-05T14:00:55.489658",
        "color": "#eab308",
        "description": "Sample streetlight failure complaint in Kotwali"
      }
    },
    {
      "type": "Feature",
      "geometry": {
        "type": "Point",
        "coordinates": [
          88.709599,
          26.549419
        ]
      },
      "properties": {
        "id": "demo-0258",
        "complaintNumber": "CJPL-20240601-0258",
        "category": "WATER_SUPPLY",
        "status": "IN_PROGRESS",
        "priorityScore": 58,
        "wardNumber": 2,
        "wardName": "Deshbandhu Para",
        "submittedAt": "2026-05-27T11:00:55.489667",
        "color": "#06b6d4",
        "description": "Sample water supply complaint in Deshbandhu Para"
      }
    },
    {
      "type": "Feature",
      "geometry": {
        "type": "Point",
        "coordinates": [
          88.712478,
          26.555808
        ]
      },
      "properties": {
        "id": "demo-0259",
        "complaintNumber": "CJPL-20240601-0259",
        "category": "WATER_SUPPLY",
        "status": "RESOLVED",
        "priorityScore": 67,
        "wardNumber": 17,
        "wardName": "Titu Para",
        "submittedAt": "2026-05-20T04:00:55.489677",
        "color": "#06b6d4",
        "description": "Sample water supply complaint in Titu Para"
      }
    },
    {
      "type": "Feature",
      "geometry": {
        "type": "Point",
        "coordinates": [
          88.718434,
          26.536511
        ]
      },
      "properties": {
        "id": "demo-0260",
        "complaintNumber": "CJPL-20240601-0260",
        "category": "STREETLIGHT_FAILURE",
        "status": "SUBMITTED",
        "priorityScore": 61,
        "wardNumber": 10,
        "wardName": "Kotwali",
        "submittedAt": "2026-05-07T00:00:55.489687",
        "color": "#eab308",
        "description": "Sample streetlight failure complaint in Kotwali"
      }
    },
    {
      "type": "Feature",
      "geometry": {
        "type": "Point",
        "coordinates": [
          88.693646,
          26.538456
        ]
      },
      "properties": {
        "id": "demo-0261",
        "complaintNumber": "CJPL-20240601-0261",
        "category": "GARBAGE",
        "status": "RESOLVED",
        "priorityScore": 88,
        "wardNumber": 13,
        "wardName": "Babu Para",
        "submittedAt": "2026-05-15T12:00:55.489696",
        "color": "#ef4444",
        "description": "Sample garbage complaint in Babu Para"
      }
    },
    {
      "type": "Feature",
      "geometry": {
        "type": "Point",
        "coordinates": [
          88.719728,
          26.558221
        ]
      },
      "properties": {
        "id": "demo-0262",
        "complaintNumber": "CJPL-20240601-0262",
        "category": "GARBAGE",
        "status": "ASSIGNED",
        "priorityScore": 48,
        "wardNumber": 18,
        "wardName": "Bhagat Singh Colony",
        "submittedAt": "2026-05-30T14:00:55.489705",
        "color": "#ef4444",
        "description": "Sample garbage complaint in Bhagat Singh Colony"
      }
    },
    {
      "type": "Feature",
      "geometry": {
        "type": "Point",
        "coordinates": [
          88.72117,
          26.548912
        ]
      },
      "properties": {
        "id": "demo-0263",
        "complaintNumber": "CJPL-20240601-0263",
        "category": "ILLEGAL_DUMPING",
        "status": "ASSIGNED",
        "priorityScore": 71,
        "wardNumber": 3,
        "wardName": "Rajbari",
        "submittedAt": "2026-03-23T10:00:55.489714",
        "color": "#ec4899",
        "description": "Sample illegal dumping complaint in Rajbari"
      }
    },
    {
      "type": "Feature",
      "geometry": {
        "type": "Point",
        "coordinates": [
          88.722075,
          26.534969
        ]
      },
      "properties": {
        "id": "demo-0264",
        "complaintNumber": "CJPL-20240601-0264",
        "category": "GARBAGE",
        "status": "IN_PROGRESS",
        "priorityScore": 52,
        "wardNumber": 9,
        "wardName": "Dinbazar",
        "submittedAt": "2026-05-22T07:00:55.489723",
        "color": "#ef4444",
        "description": "Sample garbage complaint in Dinbazar"
      }
    },
    {
      "type": "Feature",
      "geometry": {
        "type": "Point",
        "coordinates": [
          88.698402,
          26.542904
        ]
      },
      "properties": {
        "id": "demo-0265",
        "complaintNumber": "CJPL-20240601-0265",
        "category": "GARBAGE",
        "status": "RESOLVED",
        "priorityScore": 43,
        "wardNumber": 15,
        "wardName": "Santosh Para",
        "submittedAt": "2026-03-22T11:00:55.489732",
        "color": "#ef4444",
        "description": "Sample garbage complaint in Santosh Para"
      }
    },
    {
      "type": "Feature",
      "geometry": {
        "type": "Point",
        "coordinates": [
          88.702981,
          26.545
        ]
      },
      "properties": {
        "id": "demo-0266",
        "complaintNumber": "CJPL-20240601-0266",
        "category": "DRAINAGE",
        "status": "ASSIGNED",
        "priorityScore": 82,
        "wardNumber": 15,
        "wardName": "Santosh Para",
        "submittedAt": "2026-05-10T21:00:55.489744",
        "color": "#8b5cf6",
        "description": "Sample drainage complaint in Santosh Para"
      }
    },
    {
      "type": "Feature",
      "geometry": {
        "type": "Point",
        "coordinates": [
          88.703843,
          26.551302
        ]
      },
      "properties": {
        "id": "demo-0267",
        "complaintNumber": "CJPL-20240601-0267",
        "category": "GARBAGE",
        "status": "RESOLVED",
        "priorityScore": 43,
        "wardNumber": 1,
        "wardName": "Kadamtala",
        "submittedAt": "2026-06-08T01:00:55.489753",
        "color": "#ef4444",
        "description": "Sample garbage complaint in Kadamtala"
      }
    },
    {
      "type": "Feature",
      "geometry": {
        "type": "Point",
        "coordinates": [
          88.716277,
          26.537445
        ]
      },
      "properties": {
        "id": "demo-0268",
        "complaintNumber": "CJPL-20240601-0268",
        "category": "OTHER",
        "status": "SUBMITTED",
        "priorityScore": 38,
        "wardNumber": 9,
        "wardName": "Dinbazar",
        "submittedAt": "2026-05-28T03:00:55.489763",
        "color": "#6b7280",
        "description": "Sample other complaint in Dinbazar"
      }
    },
    {
      "type": "Feature",
      "geometry": {
        "type": "Point",
        "coordinates": [
          88.726136,
          26.540973
        ]
      },
      "properties": {
        "id": "demo-0269",
        "complaintNumber": "CJPL-20240601-0269",
        "category": "STREETLIGHT_FAILURE",
        "status": "RESOLVED",
        "priorityScore": 79,
        "wardNumber": 6,
        "wardName": "Netaji Para",
        "submittedAt": "2026-04-29T07:00:55.489771",
        "color": "#eab308",
        "description": "Sample streetlight failure complaint in Netaji Para"
      }
    },
    {
      "type": "Feature",
      "geometry": {
        "type": "Point",
        "coordinates": [
          88.719652,
          26.533312
        ]
      },
      "properties": {
        "id": "demo-0270",
        "complaintNumber": "CJPL-20240601-0270",
        "category": "STREETLIGHT_FAILURE",
        "status": "SUBMITTED",
        "priorityScore": 66,
        "wardNumber": 9,
        "wardName": "Dinbazar",
        "submittedAt": "2026-03-31T18:00:55.489781",
        "color": "#eab308",
        "description": "Sample streetlight failure complaint in Dinbazar"
      }
    },
    {
      "type": "Feature",
      "geometry": {
        "type": "Point",
        "coordinates": [
          88.695017,
          26.540047
        ]
      },
      "properties": {
        "id": "demo-0271",
        "complaintNumber": "CJPL-20240601-0271",
        "category": "DRAINAGE",
        "status": "RESOLVED",
        "priorityScore": 60,
        "wardNumber": 14,
        "wardName": "Kamat Para",
        "submittedAt": "2026-03-25T22:00:55.489790",
        "color": "#8b5cf6",
        "description": "Sample drainage complaint in Kamat Para"
      }
    },
    {
      "type": "Feature",
      "geometry": {
        "type": "Point",
        "coordinates": [
          88.691683,
          26.539431
        ]
      },
      "properties": {
        "id": "demo-0272",
        "complaintNumber": "CJPL-20240601-0272",
        "category": "GARBAGE",
        "status": "CLOSED",
        "priorityScore": 83,
        "wardNumber": 14,
        "wardName": "Kamat Para",
        "submittedAt": "2026-03-13T10:00:55.489799",
        "color": "#ef4444",
        "description": "Sample garbage complaint in Kamat Para"
      }
    },
    {
      "type": "Feature",
      "geometry": {
        "type": "Point",
        "coordinates": [
          88.728044,
          26.549261
        ]
      },
      "properties": {
        "id": "demo-0273",
        "complaintNumber": "CJPL-20240601-0273",
        "category": "WATER_LEAKAGE",
        "status": "SUBMITTED",
        "priorityScore": 60,
        "wardNumber": 19,
        "wardName": "Purba Jalpaiguri",
        "submittedAt": "2026-03-18T18:00:55.489809",
        "color": "#3b82f6",
        "description": "Sample water leakage complaint in Purba Jalpaiguri"
      }
    },
    {
      "type": "Feature",
      "geometry": {
        "type": "Point",
        "coordinates": [
          88.700644,
          26.544336
        ]
      },
      "properties": {
        "id": "demo-0274",
        "complaintNumber": "CJPL-20240601-0274",
        "category": "GARBAGE",
        "status": "IN_PROGRESS",
        "priorityScore": 77,
        "wardNumber": 16,
        "wardName": "Kachhari Para",
        "submittedAt": "2026-04-23T11:00:55.489819",
        "color": "#ef4444",
        "description": "Sample garbage complaint in Kachhari Para"
      }
    },
    {
      "type": "Feature",
      "geometry": {
        "type": "Point",
        "coordinates": [
          88.728484,
          26.53716
        ]
      },
      "properties": {
        "id": "demo-0275",
        "complaintNumber": "CJPL-20240601-0275",
        "category": "WATER_SUPPLY",
        "status": "IN_PROGRESS",
        "priorityScore": 35,
        "wardNumber": 8,
        "wardName": "Ananda Para",
        "submittedAt": "2026-04-14T18:00:55.489828",
        "color": "#06b6d4",
        "description": "Sample water supply complaint in Ananda Para"
      }
    },
    {
      "type": "Feature",
      "geometry": {
        "type": "Point",
        "coordinates": [
          88.698083,
          26.540951
        ]
      },
      "properties": {
        "id": "demo-0276",
        "complaintNumber": "CJPL-20240601-0276",
        "category": "GARBAGE",
        "status": "RESOLVED",
        "priorityScore": 82,
        "wardNumber": 14,
        "wardName": "Kamat Para",
        "submittedAt": "2026-06-08T11:00:55.489839",
        "color": "#ef4444",
        "description": "Sample garbage complaint in Kamat Para"
      }
    },
    {
      "type": "Feature",
      "geometry": {
        "type": "Point",
        "coordinates": [
          88.725631,
          26.534622
        ]
      },
      "properties": {
        "id": "demo-0277",
        "complaintNumber": "CJPL-20240601-0277",
        "category": "ROAD_DAMAGE",
        "status": "SUBMITTED",
        "priorityScore": 42,
        "wardNumber": 8,
        "wardName": "Ananda Para",
        "submittedAt": "2026-05-12T08:00:55.489850",
        "color": "#f97316",
        "description": "Sample road damage complaint in Ananda Para"
      }
    },
    {
      "type": "Feature",
      "geometry": {
        "type": "Point",
        "coordinates": [
          88.700891,
          26.529869
        ]
      },
      "properties": {
        "id": "demo-0278",
        "complaintNumber": "CJPL-20240601-0278",
        "category": "ILLEGAL_DUMPING",
        "status": "SUBMITTED",
        "priorityScore": 45,
        "wardNumber": 12,
        "wardName": "Malopara",
        "submittedAt": "2026-05-16T09:00:55.489861",
        "color": "#ec4899",
        "description": "Sample illegal dumping complaint in Malopara"
      }
    },
    {
      "type": "Feature",
      "geometry": {
        "type": "Point",
        "coordinates": [
          88.713998,
          26.554691
        ]
      },
      "properties": {
        "id": "demo-0279",
        "complaintNumber": "CJPL-20240601-0279",
        "category": "ROAD_DAMAGE",
        "status": "RESOLVED",
        "priorityScore": 85,
        "wardNumber": 17,
        "wardName": "Titu Para",
        "submittedAt": "2026-05-19T16:00:55.489870",
        "color": "#f97316",
        "description": "Sample road damage complaint in Titu Para"
      }
    },
    {
      "type": "Feature",
      "geometry": {
        "type": "Point",
        "coordinates": [
          88.698444,
          26.537128
        ]
      },
      "properties": {
        "id": "demo-0280",
        "complaintNumber": "CJPL-20240601-0280",
        "category": "DRAINAGE",
        "status": "RESOLVED",
        "priorityScore": 60,
        "wardNumber": 14,
        "wardName": "Kamat Para",
        "submittedAt": "2026-06-04T19:00:55.489880",
        "color": "#8b5cf6",
        "description": "Sample drainage complaint in Kamat Para"
      }
    },
    {
      "type": "Feature",
      "geometry": {
        "type": "Point",
        "coordinates": [
          88.704076,
          26.549543
        ]
      },
      "properties": {
        "id": "demo-0281",
        "complaintNumber": "CJPL-20240601-0281",
        "category": "GARBAGE",
        "status": "RESOLVED",
        "priorityScore": 58,
        "wardNumber": 16,
        "wardName": "Kachhari Para",
        "submittedAt": "2026-06-04T18:00:55.489889",
        "color": "#ef4444",
        "description": "Sample garbage complaint in Kachhari Para"
      }
    },
    {
      "type": "Feature",
      "geometry": {
        "type": "Point",
        "coordinates": [
          88.720968,
          26.536011
        ]
      },
      "properties": {
        "id": "demo-0282",
        "complaintNumber": "CJPL-20240601-0282",
        "category": "GARBAGE",
        "status": "RESOLVED",
        "priorityScore": 32,
        "wardNumber": 9,
        "wardName": "Dinbazar",
        "submittedAt": "2026-03-30T18:00:55.489898",
        "color": "#ef4444",
        "description": "Sample garbage complaint in Dinbazar"
      }
    },
    {
      "type": "Feature",
      "geometry": {
        "type": "Point",
        "coordinates": [
          88.736159,
          26.544666
        ]
      },
      "properties": {
        "id": "demo-0283",
        "complaintNumber": "CJPL-20240601-0283",
        "category": "ROAD_DAMAGE",
        "status": "IN_PROGRESS",
        "priorityScore": 35,
        "wardNumber": 20,
        "wardName": "Paschim Palli",
        "submittedAt": "2026-04-20T12:00:55.489907",
        "color": "#f97316",
        "description": "Sample road damage complaint in Paschim Palli"
      }
    },
    {
      "type": "Feature",
      "geometry": {
        "type": "Point",
        "coordinates": [
          88.728516,
          26.544968
        ]
      },
      "properties": {
        "id": "demo-0284",
        "complaintNumber": "CJPL-20240601-0284",
        "category": "GARBAGE",
        "status": "SUBMITTED",
        "priorityScore": 47,
        "wardNumber": 5,
        "wardName": "Hospital Para",
        "submittedAt": "2026-04-25T05:00:55.489916",
        "color": "#ef4444",
        "description": "Sample garbage complaint in Hospital Para"
      }
    },
    {
      "type": "Feature",
      "geometry": {
        "type": "Point",
        "coordinates": [
          88.721473,
          26.554164
        ]
      },
      "properties": {
        "id": "demo-0285",
        "complaintNumber": "CJPL-20240601-0285",
        "category": "WATER_LEAKAGE",
        "status": "ASSIGNED",
        "priorityScore": 60,
        "wardNumber": 18,
        "wardName": "Bhagat Singh Colony",
        "submittedAt": "2026-03-17T06:00:55.489925",
        "color": "#3b82f6",
        "description": "Sample water leakage complaint in Bhagat Singh Colony"
      }
    },
    {
      "type": "Feature",
      "geometry": {
        "type": "Point",
        "coordinates": [
          88.720148,
          26.542475
        ]
      },
      "properties": {
        "id": "demo-0286",
        "complaintNumber": "CJPL-20240601-0286",
        "category": "WATER_SUPPLY",
        "status": "RESOLVED",
        "priorityScore": 37,
        "wardNumber": 4,
        "wardName": "Station Para",
        "submittedAt": "2026-03-17T15:00:55.489933",
        "color": "#06b6d4",
        "description": "Sample water supply complaint in Station Para"
      }
    },
    {
      "type": "Feature",
      "geometry": {
        "type": "Point",
        "coordinates": [
          88.699378,
          26.529515
        ]
      },
      "properties": {
        "id": "demo-0287",
        "complaintNumber": "CJPL-20240601-0287",
        "category": "WATER_LEAKAGE",
        "status": "ASSIGNED",
        "priorityScore": 63,
        "wardNumber": 12,
        "wardName": "Malopara",
        "submittedAt": "2026-06-02T15:00:55.489976",
        "color": "#3b82f6",
        "description": "Sample water leakage complaint in Malopara"
      }
    },
    {
      "type": "Feature",
      "geometry": {
        "type": "Point",
        "coordinates": [
          88.698379,
          26.539523
        ]
      },
      "properties": {
        "id": "demo-0288",
        "complaintNumber": "CJPL-20240601-0288",
        "category": "DRAINAGE",
        "status": "ASSIGNED",
        "priorityScore": 60,
        "wardNumber": 13,
        "wardName": "Babu Para",
        "submittedAt": "2026-05-25T23:00:55.490000",
        "color": "#8b5cf6",
        "description": "Sample drainage complaint in Babu Para"
      }
    },
    {
      "type": "Feature",
      "geometry": {
        "type": "Point",
        "coordinates": [
          88.706257,
          26.546527
        ]
      },
      "properties": {
        "id": "demo-0289",
        "complaintNumber": "CJPL-20240601-0289",
        "category": "ROAD_DAMAGE",
        "status": "SUBMITTED",
        "priorityScore": 39,
        "wardNumber": 16,
        "wardName": "Kachhari Para",
        "submittedAt": "2026-06-07T15:00:55.490013",
        "color": "#f97316",
        "description": "Sample road damage complaint in Kachhari Para"
      }
    },
    {
      "type": "Feature",
      "geometry": {
        "type": "Point",
        "coordinates": [
          88.729388,
          26.541483
        ]
      },
      "properties": {
        "id": "demo-0290",
        "complaintNumber": "CJPL-20240601-0290",
        "category": "WATER_LEAKAGE",
        "status": "RESOLVED",
        "priorityScore": 66,
        "wardNumber": 6,
        "wardName": "Netaji Para",
        "submittedAt": "2026-06-02T15:00:55.490023",
        "color": "#3b82f6",
        "description": "Sample water leakage complaint in Netaji Para"
      }
    },
    {
      "type": "Feature",
      "geometry": {
        "type": "Point",
        "coordinates": [
          88.698102,
          26.534982
        ]
      },
      "properties": {
        "id": "demo-0291",
        "complaintNumber": "CJPL-20240601-0291",
        "category": "WATER_SUPPLY",
        "status": "RESOLVED",
        "priorityScore": 49,
        "wardNumber": 13,
        "wardName": "Babu Para",
        "submittedAt": "2026-03-28T13:00:55.490033",
        "color": "#06b6d4",
        "description": "Sample water supply complaint in Babu Para"
      }
    },
    {
      "type": "Feature",
      "geometry": {
        "type": "Point",
        "coordinates": [
          88.731034,
          26.540982
        ]
      },
      "properties": {
        "id": "demo-0292",
        "complaintNumber": "CJPL-20240601-0292",
        "category": "DRAINAGE",
        "status": "SUBMITTED",
        "priorityScore": 60,
        "wardNumber": 6,
        "wardName": "Netaji Para",
        "submittedAt": "2026-03-17T23:00:55.490045",
        "color": "#8b5cf6",
        "description": "Sample drainage complaint in Netaji Para"
      }
    },
    {
      "type": "Feature",
      "geometry": {
        "type": "Point",
        "coordinates": [
          88.692929,
          26.535727
        ]
      },
      "properties": {
        "id": "demo-0293",
        "complaintNumber": "CJPL-20240601-0293",
        "category": "ROAD_DAMAGE",
        "status": "IN_PROGRESS",
        "priorityScore": 71,
        "wardNumber": 14,
        "wardName": "Kamat Para",
        "submittedAt": "2026-04-07T18:00:55.490055",
        "color": "#f97316",
        "description": "Sample road damage complaint in Kamat Para"
      }
    },
    {
      "type": "Feature",
      "geometry": {
        "type": "Point",
        "coordinates": [
          88.722073,
          26.533759
        ]
      },
      "properties": {
        "id": "demo-0294",
        "complaintNumber": "CJPL-20240601-0294",
        "category": "WATER_SUPPLY",
        "status": "SUBMITTED",
        "priorityScore": 86,
        "wardNumber": 9,
        "wardName": "Dinbazar",
        "submittedAt": "2026-04-30T19:00:55.490064",
        "color": "#06b6d4",
        "description": "Sample water supply complaint in Dinbazar"
      }
    },
    {
      "type": "Feature",
      "geometry": {
        "type": "Point",
        "coordinates": [
          88.696962,
          26.535792
        ]
      },
      "properties": {
        "id": "demo-0295",
        "complaintNumber": "CJPL-20240601-0295",
        "category": "WATER_SUPPLY",
        "status": "SUBMITTED",
        "priorityScore": 76,
        "wardNumber": 13,
        "wardName": "Babu Para",
        "submittedAt": "2026-05-10T13:00:55.490075",
        "color": "#06b6d4",
        "description": "Sample water supply complaint in Babu Para"
      }
    },
    {
      "type": "Feature",
      "geometry": {
        "type": "Point",
        "coordinates": [
          88.720618,
          26.538775
        ]
      },
      "properties": {
        "id": "demo-0296",
        "complaintNumber": "CJPL-20240601-0296",
        "category": "WATER_SUPPLY",
        "status": "SUBMITTED",
        "priorityScore": 54,
        "wardNumber": 9,
        "wardName": "Dinbazar",
        "submittedAt": "2026-06-03T00:00:55.490084",
        "color": "#06b6d4",
        "description": "Sample water supply complaint in Dinbazar"
      }
    },
    {
      "type": "Feature",
      "geometry": {
        "type": "Point",
        "coordinates": [
          88.713903,
          26.548313
        ]
      },
      "properties": {
        "id": "demo-0297",
        "complaintNumber": "CJPL-20240601-0297",
        "category": "DRAINAGE",
        "status": "ASSIGNED",
        "priorityScore": 60,
        "wardNumber": 2,
        "wardName": "Deshbandhu Para",
        "submittedAt": "2026-04-19T04:00:55.490093",
        "color": "#8b5cf6",
        "description": "Sample drainage complaint in Deshbandhu Para"
      }
    },
    {
      "type": "Feature",
      "geometry": {
        "type": "Point",
        "coordinates": [
          88.699443,
          26.542486
        ]
      },
      "properties": {
        "id": "demo-0298",
        "complaintNumber": "CJPL-20240601-0298",
        "category": "GARBAGE",
        "status": "SUBMITTED",
        "priorityScore": 83,
        "wardNumber": 14,
        "wardName": "Kamat Para",
        "submittedAt": "2026-05-03T10:00:55.490102",
        "color": "#ef4444",
        "description": "Sample garbage complaint in Kamat Para"
      }
    },
    {
      "type": "Feature",
      "geometry": {
        "type": "Point",
        "coordinates": [
          88.713299,
          26.537357
        ]
      },
      "properties": {
        "id": "demo-0299",
        "complaintNumber": "CJPL-20240601-0299",
        "category": "STREETLIGHT_FAILURE",
        "status": "SUBMITTED",
        "priorityScore": 87,
        "wardNumber": 10,
        "wardName": "Kotwali",
        "submittedAt": "2026-03-21T11:00:55.490114",
        "color": "#eab308",
        "description": "Sample streetlight failure complaint in Kotwali"
      }
    },
    {
      "type": "Feature",
      "geometry": {
        "type": "Point",
        "coordinates": [
          88.733674,
          26.545196
        ]
      },
      "properties": {
        "id": "demo-0300",
        "complaintNumber": "CJPL-20240601-0300",
        "category": "ROAD_DAMAGE",
        "status": "SUBMITTED",
        "priorityScore": 57,
        "wardNumber": 6,
        "wardName": "Netaji Para",
        "submittedAt": "2026-04-04T01:00:55.490123",
        "color": "#f97316",
        "description": "Sample road damage complaint in Netaji Para"
      }
    },
    {
      "type": "Feature",
      "geometry": {
        "type": "Point",
        "coordinates": [
          88.732703,
          26.550191
        ]
      },
      "properties": {
        "id": "demo-0301",
        "complaintNumber": "CJPL-20240601-0301",
        "category": "DRAINAGE",
        "status": "SUBMITTED",
        "priorityScore": 79,
        "wardNumber": 19,
        "wardName": "Purba Jalpaiguri",
        "submittedAt": "2026-06-07T03:00:55.490133",
        "color": "#8b5cf6",
        "description": "Sample drainage complaint in Purba Jalpaiguri"
      }
    },
    {
      "type": "Feature",
      "geometry": {
        "type": "Point",
        "coordinates": [
          88.700748,
          26.534694
        ]
      },
      "properties": {
        "id": "demo-0302",
        "complaintNumber": "CJPL-20240601-0302",
        "category": "WATER_LEAKAGE",
        "status": "CLOSED",
        "priorityScore": 77,
        "wardNumber": 12,
        "wardName": "Malopara",
        "submittedAt": "2026-03-20T00:00:55.490142",
        "color": "#3b82f6",
        "description": "Sample water leakage complaint in Malopara"
      }
    },
    {
      "type": "Feature",
      "geometry": {
        "type": "Point",
        "coordinates": [
          88.716602,
          26.533191
        ]
      },
      "properties": {
        "id": "demo-0303",
        "complaintNumber": "CJPL-20240601-0303",
        "category": "ILLEGAL_DUMPING",
        "status": "IN_PROGRESS",
        "priorityScore": 32,
        "wardNumber": 10,
        "wardName": "Kotwali",
        "submittedAt": "2026-06-09T14:00:55.490151",
        "color": "#ec4899",
        "description": "Sample illegal dumping complaint in Kotwali"
      }
    },
    {
      "type": "Feature",
      "geometry": {
        "type": "Point",
        "coordinates": [
          88.729529,
          26.546775
        ]
      },
      "properties": {
        "id": "demo-0304",
        "complaintNumber": "CJPL-20240601-0304",
        "category": "GARBAGE",
        "status": "CLOSED",
        "priorityScore": 49,
        "wardNumber": 5,
        "wardName": "Hospital Para",
        "submittedAt": "2026-04-30T04:00:55.490160",
        "color": "#ef4444",
        "description": "Sample garbage complaint in Hospital Para"
      }
    },
    {
      "type": "Feature",
      "geometry": {
        "type": "Point",
        "coordinates": [
          88.695341,
          26.540919
        ]
      },
      "properties": {
        "id": "demo-0305",
        "complaintNumber": "CJPL-20240601-0305",
        "category": "DRAINAGE",
        "status": "RESOLVED",
        "priorityScore": 64,
        "wardNumber": 14,
        "wardName": "Kamat Para",
        "submittedAt": "2026-04-02T12:00:55.490173",
        "color": "#8b5cf6",
        "description": "Sample drainage complaint in Kamat Para"
      }
    },
    {
      "type": "Feature",
      "geometry": {
        "type": "Point",
        "coordinates": [
          88.707765,
          26.529617
        ]
      },
      "properties": {
        "id": "demo-0306",
        "complaintNumber": "CJPL-20240601-0306",
        "category": "GARBAGE",
        "status": "RESOLVED",
        "priorityScore": 55,
        "wardNumber": 11,
        "wardName": "Rajganj Road",
        "submittedAt": "2026-05-18T10:00:55.490183",
        "color": "#ef4444",
        "description": "Sample garbage complaint in Rajganj Road"
      }
    },
    {
      "type": "Feature",
      "geometry": {
        "type": "Point",
        "coordinates": [
          88.727359,
          26.545254
        ]
      },
      "properties": {
        "id": "demo-0307",
        "complaintNumber": "CJPL-20240601-0307",
        "category": "DRAINAGE",
        "status": "IN_PROGRESS",
        "priorityScore": 60,
        "wardNumber": 19,
        "wardName": "Purba Jalpaiguri",
        "submittedAt": "2026-04-29T06:00:55.490192",
        "color": "#8b5cf6",
        "description": "Sample drainage complaint in Purba Jalpaiguri"
      }
    },
    {
      "type": "Feature",
      "geometry": {
        "type": "Point",
        "coordinates": [
          88.726012,
          26.534449
        ]
      },
      "properties": {
        "id": "demo-0308",
        "complaintNumber": "CJPL-20240601-0308",
        "category": "GARBAGE",
        "status": "RESOLVED",
        "priorityScore": 35,
        "wardNumber": 8,
        "wardName": "Ananda Para",
        "submittedAt": "2026-06-03T13:00:55.490203",
        "color": "#ef4444",
        "description": "Sample garbage complaint in Ananda Para"
      }
    },
    {
      "type": "Feature",
      "geometry": {
        "type": "Point",
        "coordinates": [
          88.695918,
          26.539138
        ]
      },
      "properties": {
        "id": "demo-0309",
        "complaintNumber": "CJPL-20240601-0309",
        "category": "WATER_LEAKAGE",
        "status": "SUBMITTED",
        "priorityScore": 60,
        "wardNumber": 14,
        "wardName": "Kamat Para",
        "submittedAt": "2026-03-29T15:00:55.490213",
        "color": "#3b82f6",
        "description": "Sample water leakage complaint in Kamat Para"
      }
    },
    {
      "type": "Feature",
      "geometry": {
        "type": "Point",
        "coordinates": [
          88.714296,
          26.555323
        ]
      },
      "properties": {
        "id": "demo-0310",
        "complaintNumber": "CJPL-20240601-0310",
        "category": "WATER_LEAKAGE",
        "status": "RESOLVED",
        "priorityScore": 78,
        "wardNumber": 18,
        "wardName": "Bhagat Singh Colony",
        "submittedAt": "2026-04-22T11:00:55.490223",
        "color": "#3b82f6",
        "description": "Sample water leakage complaint in Bhagat Singh Colony"
      }
    },
    {
      "type": "Feature",
      "geometry": {
        "type": "Point",
        "coordinates": [
          88.727097,
          26.537932
        ]
      },
      "properties": {
        "id": "demo-0311",
        "complaintNumber": "CJPL-20240601-0311",
        "category": "WATER_SUPPLY",
        "status": "CLOSED",
        "priorityScore": 70,
        "wardNumber": 8,
        "wardName": "Ananda Para",
        "submittedAt": "2026-04-05T06:00:55.490238",
        "color": "#06b6d4",
        "description": "Sample water supply complaint in Ananda Para"
      }
    },
    {
      "type": "Feature",
      "geometry": {
        "type": "Point",
        "coordinates": [
          88.715261,
          26.533748
        ]
      },
      "properties": {
        "id": "demo-0312",
        "complaintNumber": "CJPL-20240601-0312",
        "category": "WATER_LEAKAGE",
        "status": "RESOLVED",
        "priorityScore": 60,
        "wardNumber": 10,
        "wardName": "Kotwali",
        "submittedAt": "2026-03-18T21:00:55.490350",
        "color": "#3b82f6",
        "description": "Sample water leakage complaint in Kotwali"
      }
    },
    {
      "type": "Feature",
      "geometry": {
        "type": "Point",
        "coordinates": [
          88.725948,
          26.540012
        ]
      },
      "properties": {
        "id": "demo-0313",
        "complaintNumber": "CJPL-20240601-0313",
        "category": "DRAINAGE",
        "status": "SUBMITTED",
        "priorityScore": 82,
        "wardNumber": 8,
        "wardName": "Ananda Para",
        "submittedAt": "2026-04-22T11:00:55.490366",
        "color": "#8b5cf6",
        "description": "Sample drainage complaint in Ananda Para"
      }
    },
    {
      "type": "Feature",
      "geometry": {
        "type": "Point",
        "coordinates": [
          88.699511,
          26.544414
        ]
      },
      "properties": {
        "id": "demo-0314",
        "complaintNumber": "CJPL-20240601-0314",
        "category": "DRAINAGE",
        "status": "ASSIGNED",
        "priorityScore": 77,
        "wardNumber": 15,
        "wardName": "Santosh Para",
        "submittedAt": "2026-03-18T13:00:55.490377",
        "color": "#8b5cf6",
        "description": "Sample drainage complaint in Santosh Para"
      }
    },
    {
      "type": "Feature",
      "geometry": {
        "type": "Point",
        "coordinates": [
          88.724806,
          26.544992
        ]
      },
      "properties": {
        "id": "demo-0315",
        "complaintNumber": "CJPL-20240601-0315",
        "category": "GARBAGE",
        "status": "ASSIGNED",
        "priorityScore": 85,
        "wardNumber": 5,
        "wardName": "Hospital Para",
        "submittedAt": "2026-04-09T16:00:55.490387",
        "color": "#ef4444",
        "description": "Sample garbage complaint in Hospital Para"
      }
    },
    {
      "type": "Feature",
      "geometry": {
        "type": "Point",
        "coordinates": [
          88.717532,
          26.536179
        ]
      },
      "properties": {
        "id": "demo-0316",
        "complaintNumber": "CJPL-20240601-0316",
        "category": "WATER_SUPPLY",
        "status": "ASSIGNED",
        "priorityScore": 82,
        "wardNumber": 10,
        "wardName": "Kotwali",
        "submittedAt": "2026-06-10T17:00:55.490397",
        "color": "#06b6d4",
        "description": "Sample water supply complaint in Kotwali"
      }
    },
    {
      "type": "Feature",
      "geometry": {
        "type": "Point",
        "coordinates": [
          88.71504,
          26.551762
        ]
      },
      "properties": {
        "id": "demo-0317",
        "complaintNumber": "CJPL-20240601-0317",
        "category": "GARBAGE",
        "status": "RESOLVED",
        "priorityScore": 68,
        "wardNumber": 18,
        "wardName": "Bhagat Singh Colony",
        "submittedAt": "2026-04-03T02:00:55.490409",
        "color": "#ef4444",
        "description": "Sample garbage complaint in Bhagat Singh Colony"
      }
    },
    {
      "type": "Feature",
      "geometry": {
        "type": "Point",
        "coordinates": [
          88.713083,
          26.546432
        ]
      },
      "properties": {
        "id": "demo-0318",
        "complaintNumber": "CJPL-20240601-0318",
        "category": "GARBAGE",
        "status": "SUBMITTED",
        "priorityScore": 55,
        "wardNumber": 2,
        "wardName": "Deshbandhu Para",
        "submittedAt": "2026-05-01T07:00:55.490419",
        "color": "#ef4444",
        "description": "Sample garbage complaint in Deshbandhu Para"
      }
    },
    {
      "type": "Feature",
      "geometry": {
        "type": "Point",
        "coordinates": [
          88.722292,
          26.5455
        ]
      },
      "properties": {
        "id": "demo-0319",
        "complaintNumber": "CJPL-20240601-0319",
        "category": "GARBAGE",
        "status": "IN_PROGRESS",
        "priorityScore": 39,
        "wardNumber": 4,
        "wardName": "Station Para",
        "submittedAt": "2026-05-30T07:00:55.490428",
        "color": "#ef4444",
        "description": "Sample garbage complaint in Station Para"
      }
    },
    {
      "type": "Feature",
      "geometry": {
        "type": "Point",
        "coordinates": [
          88.717384,
          26.550501
        ]
      },
      "properties": {
        "id": "demo-0320",
        "complaintNumber": "CJPL-20240601-0320",
        "category": "OTHER",
        "status": "SUBMITTED",
        "priorityScore": 64,
        "wardNumber": 17,
        "wardName": "Titu Para",
        "submittedAt": "2026-04-23T17:00:55.490439",
        "color": "#6b7280",
        "description": "Sample other complaint in Titu Para"
      }
    },
    {
      "type": "Feature",
      "geometry": {
        "type": "Point",
        "coordinates": [
          88.69565,
          26.541322
        ]
      },
      "properties": {
        "id": "demo-0321",
        "complaintNumber": "CJPL-20240601-0321",
        "category": "WATER_LEAKAGE",
        "status": "RESOLVED",
        "priorityScore": 60,
        "wardNumber": 14,
        "wardName": "Kamat Para",
        "submittedAt": "2026-04-02T07:00:55.490449",
        "color": "#3b82f6",
        "description": "Sample water leakage complaint in Kamat Para"
      }
    },
    {
      "type": "Feature",
      "geometry": {
        "type": "Point",
        "coordinates": [
          88.691491,
          26.539081
        ]
      },
      "properties": {
        "id": "demo-0322",
        "complaintNumber": "CJPL-20240601-0322",
        "category": "WATER_LEAKAGE",
        "status": "RESOLVED",
        "priorityScore": 60,
        "wardNumber": 14,
        "wardName": "Kamat Para",
        "submittedAt": "2026-04-07T21:00:55.490458",
        "color": "#3b82f6",
        "description": "Sample water leakage complaint in Kamat Para"
      }
    },
    {
      "type": "Feature",
      "geometry": {
        "type": "Point",
        "coordinates": [
          88.718141,
          26.54947
        ]
      },
      "properties": {
        "id": "demo-0323",
        "complaintNumber": "CJPL-20240601-0323",
        "category": "WATER_SUPPLY",
        "status": "IN_PROGRESS",
        "priorityScore": 93,
        "wardNumber": 3,
        "wardName": "Rajbari",
        "submittedAt": "2026-03-24T23:00:55.490466",
        "color": "#06b6d4",
        "description": "Sample water supply complaint in Rajbari"
      }
    },
    {
      "type": "Feature",
      "geometry": {
        "type": "Point",
        "coordinates": [
          88.698039,
          26.55175
        ]
      },
      "properties": {
        "id": "demo-0324",
        "complaintNumber": "CJPL-20240601-0324",
        "category": "WATER_SUPPLY",
        "status": "RESOLVED",
        "priorityScore": 56,
        "wardNumber": 16,
        "wardName": "Kachhari Para",
        "submittedAt": "2026-06-04T08:00:55.490477",
        "color": "#06b6d4",
        "description": "Sample water supply complaint in Kachhari Para"
      }
    },
    {
      "type": "Feature",
      "geometry": {
        "type": "Point",
        "coordinates": [
          88.709549,
          26.529518
        ]
      },
      "properties": {
        "id": "demo-0325",
        "complaintNumber": "CJPL-20240601-0325",
        "category": "WATER_LEAKAGE",
        "status": "IN_PROGRESS",
        "priorityScore": 72,
        "wardNumber": 11,
        "wardName": "Rajganj Road",
        "submittedAt": "2026-04-01T01:00:55.490486",
        "color": "#3b82f6",
        "description": "Sample water leakage complaint in Rajganj Road"
      }
    },
    {
      "type": "Feature",
      "geometry": {
        "type": "Point",
        "coordinates": [
          88.715001,
          26.53401
        ]
      },
      "properties": {
        "id": "demo-0326",
        "complaintNumber": "CJPL-20240601-0326",
        "category": "GARBAGE",
        "status": "SUBMITTED",
        "priorityScore": 43,
        "wardNumber": 10,
        "wardName": "Kotwali",
        "submittedAt": "2026-05-28T01:00:55.490495",
        "color": "#ef4444",
        "description": "Sample garbage complaint in Kotwali"
      }
    },
    {
      "type": "Feature",
      "geometry": {
        "type": "Point",
        "coordinates": [
          88.726398,
          26.53755
        ]
      },
      "properties": {
        "id": "demo-0327",
        "complaintNumber": "CJPL-20240601-0327",
        "category": "GARBAGE",
        "status": "RESOLVED",
        "priorityScore": 39,
        "wardNumber": 8,
        "wardName": "Ananda Para",
        "submittedAt": "2026-05-26T11:00:55.490503",
        "color": "#ef4444",
        "description": "Sample garbage complaint in Ananda Para"
      }
    },
    {
      "type": "Feature",
      "geometry": {
        "type": "Point",
        "coordinates": [
          88.725707,
          26.55012
        ]
      },
      "properties": {
        "id": "demo-0328",
        "complaintNumber": "CJPL-20240601-0328",
        "category": "DRAINAGE",
        "status": "SUBMITTED",
        "priorityScore": 64,
        "wardNumber": 19,
        "wardName": "Purba Jalpaiguri",
        "submittedAt": "2026-05-05T12:00:55.490512",
        "color": "#8b5cf6",
        "description": "Sample drainage complaint in Purba Jalpaiguri"
      }
    },
    {
      "type": "Feature",
      "geometry": {
        "type": "Point",
        "coordinates": [
          88.703475,
          26.547026
        ]
      },
      "properties": {
        "id": "demo-0329",
        "complaintNumber": "CJPL-20240601-0329",
        "category": "WATER_SUPPLY",
        "status": "RESOLVED",
        "priorityScore": 87,
        "wardNumber": 1,
        "wardName": "Kadamtala",
        "submittedAt": "2026-05-21T20:00:55.490522",
        "color": "#06b6d4",
        "description": "Sample water supply complaint in Kadamtala"
      }
    },
    {
      "type": "Feature",
      "geometry": {
        "type": "Point",
        "coordinates": [
          88.729634,
          26.540519
        ]
      },
      "properties": {
        "id": "demo-0330",
        "complaintNumber": "CJPL-20240601-0330",
        "category": "WATER_SUPPLY",
        "status": "CLOSED",
        "priorityScore": 65,
        "wardNumber": 6,
        "wardName": "Netaji Para",
        "submittedAt": "2026-05-28T06:00:55.490531",
        "color": "#06b6d4",
        "description": "Sample water supply complaint in Netaji Para"
      }
    },
    {
      "type": "Feature",
      "geometry": {
        "type": "Point",
        "coordinates": [
          88.73467,
          26.536023
        ]
      },
      "properties": {
        "id": "demo-0331",
        "complaintNumber": "CJPL-20240601-0331",
        "category": "WATER_SUPPLY",
        "status": "SUBMITTED",
        "priorityScore": 34,
        "wardNumber": 7,
        "wardName": "Khagrabari",
        "submittedAt": "2026-05-20T02:00:55.490543",
        "color": "#06b6d4",
        "description": "Sample water supply complaint in Khagrabari"
      }
    },
    {
      "type": "Feature",
      "geometry": {
        "type": "Point",
        "coordinates": [
          88.709444,
          26.553261
        ]
      },
      "properties": {
        "id": "demo-0332",
        "complaintNumber": "CJPL-20240601-0332",
        "category": "GARBAGE",
        "status": "RESOLVED",
        "priorityScore": 54,
        "wardNumber": 1,
        "wardName": "Kadamtala",
        "submittedAt": "2026-04-29T17:00:55.490551",
        "color": "#ef4444",
        "description": "Sample garbage complaint in Kadamtala"
      }
    },
    {
      "type": "Feature",
      "geometry": {
        "type": "Point",
        "coordinates": [
          88.729434,
          26.542734
        ]
      },
      "properties": {
        "id": "demo-0333",
        "complaintNumber": "CJPL-20240601-0333",
        "category": "GARBAGE",
        "status": "RESOLVED",
        "priorityScore": 94,
        "wardNumber": 6,
        "wardName": "Netaji Para",
        "submittedAt": "2026-04-07T15:00:55.490560",
        "color": "#ef4444",
        "description": "Sample garbage complaint in Netaji Para"
      }
    },
    {
      "type": "Feature",
      "geometry": {
        "type": "Point",
        "coordinates": [
          88.693836,
          26.539597
        ]
      },
      "properties": {
        "id": "demo-0334",
        "complaintNumber": "CJPL-20240601-0334",
        "category": "STREETLIGHT_FAILURE",
        "status": "IN_PROGRESS",
        "priorityScore": 43,
        "wardNumber": 14,
        "wardName": "Kamat Para",
        "submittedAt": "2026-05-08T09:00:55.490569",
        "color": "#eab308",
        "description": "Sample streetlight failure complaint in Kamat Para"
      }
    },
    {
      "type": "Feature",
      "geometry": {
        "type": "Point",
        "coordinates": [
          88.699102,
          26.528463
        ]
      },
      "properties": {
        "id": "demo-0335",
        "complaintNumber": "CJPL-20240601-0335",
        "category": "STREETLIGHT_FAILURE",
        "status": "IN_PROGRESS",
        "priorityScore": 79,
        "wardNumber": 12,
        "wardName": "Malopara",
        "submittedAt": "2026-04-23T08:00:55.490579",
        "color": "#eab308",
        "description": "Sample streetlight failure complaint in Malopara"
      }
    },
    {
      "type": "Feature",
      "geometry": {
        "type": "Point",
        "coordinates": [
          88.709909,
          26.529155
        ]
      },
      "properties": {
        "id": "demo-0336",
        "complaintNumber": "CJPL-20240601-0336",
        "category": "DRAINAGE",
        "status": "ASSIGNED",
        "priorityScore": 60,
        "wardNumber": 11,
        "wardName": "Rajganj Road",
        "submittedAt": "2026-03-16T09:00:55.490587",
        "color": "#8b5cf6",
        "description": "Sample drainage complaint in Rajganj Road"
      }
    },
    {
      "type": "Feature",
      "geometry": {
        "type": "Point",
        "coordinates": [
          88.701401,
          26.529156
        ]
      },
      "properties": {
        "id": "demo-0337",
        "complaintNumber": "CJPL-20240601-0337",
        "category": "GARBAGE",
        "status": "IN_PROGRESS",
        "priorityScore": 50,
        "wardNumber": 12,
        "wardName": "Malopara",
        "submittedAt": "2026-04-06T20:00:55.490596",
        "color": "#ef4444",
        "description": "Sample garbage complaint in Malopara"
      }
    },
    {
      "type": "Feature",
      "geometry": {
        "type": "Point",
        "coordinates": [
          88.733057,
          26.542179
        ]
      },
      "properties": {
        "id": "demo-0338",
        "complaintNumber": "CJPL-20240601-0338",
        "category": "ROAD_DAMAGE",
        "status": "IN_PROGRESS",
        "priorityScore": 86,
        "wardNumber": 6,
        "wardName": "Netaji Para",
        "submittedAt": "2026-04-05T10:00:55.490607",
        "color": "#f97316",
        "description": "Sample road damage complaint in Netaji Para"
      }
    },
    {
      "type": "Feature",
      "geometry": {
        "type": "Point",
        "coordinates": [
          88.718882,
          26.540145
        ]
      },
      "properties": {
        "id": "demo-0339",
        "complaintNumber": "CJPL-20240601-0339",
        "category": "DRAINAGE",
        "status": "IN_PROGRESS",
        "priorityScore": 77,
        "wardNumber": 9,
        "wardName": "Dinbazar",
        "submittedAt": "2026-04-15T00:00:55.490626",
        "color": "#8b5cf6",
        "description": "Sample drainage complaint in Dinbazar"
      }
    },
    {
      "type": "Feature",
      "geometry": {
        "type": "Point",
        "coordinates": [
          88.710253,
          26.552472
        ]
      },
      "properties": {
        "id": "demo-0340",
        "complaintNumber": "CJPL-20240601-0340",
        "category": "GARBAGE",
        "status": "IN_PROGRESS",
        "priorityScore": 86,
        "wardNumber": 17,
        "wardName": "Titu Para",
        "submittedAt": "2026-06-05T22:00:55.490641",
        "color": "#ef4444",
        "description": "Sample garbage complaint in Titu Para"
      }
    },
    {
      "type": "Feature",
      "geometry": {
        "type": "Point",
        "coordinates": [
          88.714703,
          26.532974
        ]
      },
      "properties": {
        "id": "demo-0341",
        "complaintNumber": "CJPL-20240601-0341",
        "category": "ROAD_DAMAGE",
        "status": "SUBMITTED",
        "priorityScore": 58,
        "wardNumber": 11,
        "wardName": "Rajganj Road",
        "submittedAt": "2026-05-10T09:00:55.490651",
        "color": "#f97316",
        "description": "Sample road damage complaint in Rajganj Road"
      }
    },
    {
      "type": "Feature",
      "geometry": {
        "type": "Point",
        "coordinates": [
          88.720978,
          26.53424
        ]
      },
      "properties": {
        "id": "demo-0342",
        "complaintNumber": "CJPL-20240601-0342",
        "category": "WATER_LEAKAGE",
        "status": "ASSIGNED",
        "priorityScore": 82,
        "wardNumber": 9,
        "wardName": "Dinbazar",
        "submittedAt": "2026-03-29T13:00:55.490682",
        "color": "#3b82f6",
        "description": "Sample water leakage complaint in Dinbazar"
      }
    },
    {
      "type": "Feature",
      "geometry": {
        "type": "Point",
        "coordinates": [
          88.710495,
          26.534017
        ]
      },
      "properties": {
        "id": "demo-0343",
        "complaintNumber": "CJPL-20240601-0343",
        "category": "DRAINAGE",
        "status": "ASSIGNED",
        "priorityScore": 60,
        "wardNumber": 11,
        "wardName": "Rajganj Road",
        "submittedAt": "2026-04-08T09:00:55.490699",
        "color": "#8b5cf6",
        "description": "Sample drainage complaint in Rajganj Road"
      }
    },
    {
      "type": "Feature",
      "geometry": {
        "type": "Point",
        "coordinates": [
          88.711514,
          26.553067
        ]
      },
      "properties": {
        "id": "demo-0344",
        "complaintNumber": "CJPL-20240601-0344",
        "category": "STREETLIGHT_FAILURE",
        "status": "RESOLVED",
        "priorityScore": 91,
        "wardNumber": 2,
        "wardName": "Deshbandhu Para",
        "submittedAt": "2026-05-03T07:00:55.490710",
        "color": "#eab308",
        "description": "Sample streetlight failure complaint in Deshbandhu Para"
      }
    },
    {
      "type": "Feature",
      "geometry": {
        "type": "Point",
        "coordinates": [
          88.693295,
          26.538336
        ]
      },
      "properties": {
        "id": "demo-0345",
        "complaintNumber": "CJPL-20240601-0345",
        "category": "GARBAGE",
        "status": "SUBMITTED",
        "priorityScore": 55,
        "wardNumber": 14,
        "wardName": "Kamat Para",
        "submittedAt": "2026-05-26T04:00:55.490719",
        "color": "#ef4444",
        "description": "Sample garbage complaint in Kamat Para"
      }
    },
    {
      "type": "Feature",
      "geometry": {
        "type": "Point",
        "coordinates": [
          88.704499,
          26.544632
        ]
      },
      "properties": {
        "id": "demo-0346",
        "complaintNumber": "CJPL-20240601-0346",
        "category": "WATER_LEAKAGE",
        "status": "RESOLVED",
        "priorityScore": 92,
        "wardNumber": 15,
        "wardName": "Santosh Para",
        "submittedAt": "2026-05-09T19:00:55.490729",
        "color": "#3b82f6",
        "description": "Sample water leakage complaint in Santosh Para"
      }
    },
    {
      "type": "Feature",
      "geometry": {
        "type": "Point",
        "coordinates": [
          88.71904,
          26.535731
        ]
      },
      "properties": {
        "id": "demo-0347",
        "complaintNumber": "CJPL-20240601-0347",
        "category": "STREETLIGHT_FAILURE",
        "status": "IN_PROGRESS",
        "priorityScore": 47,
        "wardNumber": 9,
        "wardName": "Dinbazar",
        "submittedAt": "2026-03-14T19:00:55.490773",
        "color": "#eab308",
        "description": "Sample streetlight failure complaint in Dinbazar"
      }
    },
    {
      "type": "Feature",
      "geometry": {
        "type": "Point",
        "coordinates": [
          88.701024,
          26.548713
        ]
      },
      "properties": {
        "id": "demo-0348",
        "complaintNumber": "CJPL-20240601-0348",
        "category": "WATER_LEAKAGE",
        "status": "RESOLVED",
        "priorityScore": 60,
        "wardNumber": 16,
        "wardName": "Kachhari Para",
        "submittedAt": "2026-06-03T02:00:55.490788",
        "color": "#3b82f6",
        "description": "Sample water leakage complaint in Kachhari Para"
      }
    },
    {
      "type": "Feature",
      "geometry": {
        "type": "Point",
        "coordinates": [
          88.728033,
          26.545543
        ]
      },
      "properties": {
        "id": "demo-0349",
        "complaintNumber": "CJPL-20240601-0349",
        "category": "GARBAGE",
        "status": "RESOLVED",
        "priorityScore": 43,
        "wardNumber": 5,
        "wardName": "Hospital Para",
        "submittedAt": "2026-05-09T21:00:55.490799",
        "color": "#ef4444",
        "description": "Sample garbage complaint in Hospital Para"
      }
    },
    {
      "type": "Feature",
      "geometry": {
        "type": "Point",
        "coordinates": [
          88.724545,
          26.541704
        ]
      },
      "properties": {
        "id": "demo-0350",
        "complaintNumber": "CJPL-20240601-0350",
        "category": "WATER_SUPPLY",
        "status": "ASSIGNED",
        "priorityScore": 84,
        "wardNumber": 5,
        "wardName": "Hospital Para",
        "submittedAt": "2026-05-31T17:00:55.490808",
        "color": "#06b6d4",
        "description": "Sample water supply complaint in Hospital Para"
      }
    },
    {
      "type": "Feature",
      "geometry": {
        "type": "Point",
        "coordinates": [
          88.717075,
          26.548636
        ]
      },
      "properties": {
        "id": "demo-0351",
        "complaintNumber": "CJPL-20240601-0351",
        "category": "ROAD_DAMAGE",
        "status": "SUBMITTED",
        "priorityScore": 69,
        "wardNumber": 3,
        "wardName": "Rajbari",
        "submittedAt": "2026-03-13T17:00:55.490818",
        "color": "#f97316",
        "description": "Sample road damage complaint in Rajbari"
      }
    },
    {
      "type": "Feature",
      "geometry": {
        "type": "Point",
        "coordinates": [
          88.73251,
          26.539395
        ]
      },
      "properties": {
        "id": "demo-0352",
        "complaintNumber": "CJPL-20240601-0352",
        "category": "WATER_SUPPLY",
        "status": "IN_PROGRESS",
        "priorityScore": 43,
        "wardNumber": 7,
        "wardName": "Khagrabari",
        "submittedAt": "2026-06-01T14:00:55.490828",
        "color": "#06b6d4",
        "description": "Sample water supply complaint in Khagrabari"
      }
    },
    {
      "type": "Feature",
      "geometry": {
        "type": "Point",
        "coordinates": [
          88.728848,
          26.543846
        ]
      },
      "properties": {
        "id": "demo-0353",
        "complaintNumber": "CJPL-20240601-0353",
        "category": "DRAINAGE",
        "status": "IN_PROGRESS",
        "priorityScore": 60,
        "wardNumber": 6,
        "wardName": "Netaji Para",
        "submittedAt": "2026-03-28T09:00:55.490838",
        "color": "#8b5cf6",
        "description": "Sample drainage complaint in Netaji Para"
      }
    },
    {
      "type": "Feature",
      "geometry": {
        "type": "Point",
        "coordinates": [
          88.705802,
          26.547056
        ]
      },
      "properties": {
        "id": "demo-0354",
        "complaintNumber": "CJPL-20240601-0354",
        "category": "WATER_SUPPLY",
        "status": "IN_PROGRESS",
        "priorityScore": 66,
        "wardNumber": 1,
        "wardName": "Kadamtala",
        "submittedAt": "2026-04-27T17:00:55.490847",
        "color": "#06b6d4",
        "description": "Sample water supply complaint in Kadamtala"
      }
    },
    {
      "type": "Feature",
      "geometry": {
        "type": "Point",
        "coordinates": [
          88.719255,
          26.549227
        ]
      },
      "properties": {
        "id": "demo-0355",
        "complaintNumber": "CJPL-20240601-0355",
        "category": "DRAINAGE",
        "status": "ASSIGNED",
        "priorityScore": 65,
        "wardNumber": 4,
        "wardName": "Station Para",
        "submittedAt": "2026-04-20T17:00:55.490856",
        "color": "#8b5cf6",
        "description": "Sample drainage complaint in Station Para"
      }
    },
    {
      "type": "Feature",
      "geometry": {
        "type": "Point",
        "coordinates": [
          88.718914,
          26.532993
        ]
      },
      "properties": {
        "id": "demo-0356",
        "complaintNumber": "CJPL-20240601-0356",
        "category": "DRAINAGE",
        "status": "SUBMITTED",
        "priorityScore": 87,
        "wardNumber": 9,
        "wardName": "Dinbazar",
        "submittedAt": "2026-05-21T03:00:55.490866",
        "color": "#8b5cf6",
        "description": "Sample drainage complaint in Dinbazar"
      }
    },
    {
      "type": "Feature",
      "geometry": {
        "type": "Point",
        "coordinates": [
          88.69424,
          26.53882
        ]
      },
      "properties": {
        "id": "demo-0357",
        "complaintNumber": "CJPL-20240601-0357",
        "category": "ROAD_DAMAGE",
        "status": "SUBMITTED",
        "priorityScore": 60,
        "wardNumber": 14,
        "wardName": "Kamat Para",
        "submittedAt": "2026-04-05T22:00:55.490875",
        "color": "#f97316",
        "description": "Sample road damage complaint in Kamat Para"
      }
    },
    {
      "type": "Feature",
      "geometry": {
        "type": "Point",
        "coordinates": [
          88.718067,
          26.535781
        ]
      },
      "properties": {
        "id": "demo-0358",
        "complaintNumber": "CJPL-20240601-0358",
        "category": "DRAINAGE",
        "status": "RESOLVED",
        "priorityScore": 60,
        "wardNumber": 9,
        "wardName": "Dinbazar",
        "submittedAt": "2026-04-24T15:00:55.490885",
        "color": "#8b5cf6",
        "description": "Sample drainage complaint in Dinbazar"
      }
    },
    {
      "type": "Feature",
      "geometry": {
        "type": "Point",
        "coordinates": [
          88.727321,
          26.549534
        ]
      },
      "properties": {
        "id": "demo-0359",
        "complaintNumber": "CJPL-20240601-0359",
        "category": "OTHER",
        "status": "IN_PROGRESS",
        "priorityScore": 55,
        "wardNumber": 19,
        "wardName": "Purba Jalpaiguri",
        "submittedAt": "2026-04-08T19:00:55.490894",
        "color": "#6b7280",
        "description": "Sample other complaint in Purba Jalpaiguri"
      }
    },
    {
      "type": "Feature",
      "geometry": {
        "type": "Point",
        "coordinates": [
          88.704193,
          26.534593
        ]
      },
      "properties": {
        "id": "demo-0360",
        "complaintNumber": "CJPL-20240601-0360",
        "category": "GARBAGE",
        "status": "SUBMITTED",
        "priorityScore": 39,
        "wardNumber": 12,
        "wardName": "Malopara",
        "submittedAt": "2026-05-06T22:00:55.490903",
        "color": "#ef4444",
        "description": "Sample garbage complaint in Malopara"
      }
    },
    {
      "type": "Feature",
      "geometry": {
        "type": "Point",
        "coordinates": [
          88.698364,
          26.5329
        ]
      },
      "properties": {
        "id": "demo-0361",
        "complaintNumber": "CJPL-20240601-0361",
        "category": "ROAD_DAMAGE",
        "status": "IN_PROGRESS",
        "priorityScore": 74,
        "wardNumber": 12,
        "wardName": "Malopara",
        "submittedAt": "2026-05-11T22:00:55.490913",
        "color": "#f97316",
        "description": "Sample road damage complaint in Malopara"
      }
    },
    {
      "type": "Feature",
      "geometry": {
        "type": "Point",
        "coordinates": [
          88.731847,
          26.542975
        ]
      },
      "properties": {
        "id": "demo-0362",
        "complaintNumber": "CJPL-20240601-0362",
        "category": "OTHER",
        "status": "RESOLVED",
        "priorityScore": 70,
        "wardNumber": 5,
        "wardName": "Hospital Para",
        "submittedAt": "2026-05-24T11:00:55.490925",
        "color": "#6b7280",
        "description": "Sample other complaint in Hospital Para"
      }
    },
    {
      "type": "Feature",
      "geometry": {
        "type": "Point",
        "coordinates": [
          88.714682,
          26.549112
        ]
      },
      "properties": {
        "id": "demo-0363",
        "complaintNumber": "CJPL-20240601-0363",
        "category": "DRAINAGE",
        "status": "CLOSED",
        "priorityScore": 78,
        "wardNumber": 17,
        "wardName": "Titu Para",
        "submittedAt": "2026-05-07T14:00:55.490935",
        "color": "#8b5cf6",
        "description": "Sample drainage complaint in Titu Para"
      }
    },
    {
      "type": "Feature",
      "geometry": {
        "type": "Point",
        "coordinates": [
          88.728959,
          26.539063
        ]
      },
      "properties": {
        "id": "demo-0364",
        "complaintNumber": "CJPL-20240601-0364",
        "category": "OTHER",
        "status": "SUBMITTED",
        "priorityScore": 54,
        "wardNumber": 8,
        "wardName": "Ananda Para",
        "submittedAt": "2026-06-07T10:00:55.490976",
        "color": "#6b7280",
        "description": "Sample other complaint in Ananda Para"
      }
    },
    {
      "type": "Feature",
      "geometry": {
        "type": "Point",
        "coordinates": [
          88.708401,
          26.532182
        ]
      },
      "properties": {
        "id": "demo-0365",
        "complaintNumber": "CJPL-20240601-0365",
        "category": "WATER_SUPPLY",
        "status": "RESOLVED",
        "priorityScore": 62,
        "wardNumber": 11,
        "wardName": "Rajganj Road",
        "submittedAt": "2026-05-02T17:00:55.490992",
        "color": "#06b6d4",
        "description": "Sample water supply complaint in Rajganj Road"
      }
    },
    {
      "type": "Feature",
      "geometry": {
        "type": "Point",
        "coordinates": [
          88.72819,
          26.542478
        ]
      },
      "properties": {
        "id": "demo-0366",
        "complaintNumber": "CJPL-20240601-0366",
        "category": "ROAD_DAMAGE",
        "status": "ASSIGNED",
        "priorityScore": 77,
        "wardNumber": 5,
        "wardName": "Hospital Para",
        "submittedAt": "2026-03-23T12:00:55.491003",
        "color": "#f97316",
        "description": "Sample road damage complaint in Hospital Para"
      }
    },
    {
      "type": "Feature",
      "geometry": {
        "type": "Point",
        "coordinates": [
          88.700068,
          26.547075
        ]
      },
      "properties": {
        "id": "demo-0367",
        "complaintNumber": "CJPL-20240601-0367",
        "category": "WATER_SUPPLY",
        "status": "RESOLVED",
        "priorityScore": 74,
        "wardNumber": 16,
        "wardName": "Kachhari Para",
        "submittedAt": "2026-04-30T22:00:55.491014",
        "color": "#06b6d4",
        "description": "Sample water supply complaint in Kachhari Para"
      }
    },
    {
      "type": "Feature",
      "geometry": {
        "type": "Point",
        "coordinates": [
          88.725854,
          26.545319
        ]
      },
      "properties": {
        "id": "demo-0368",
        "complaintNumber": "CJPL-20240601-0368",
        "category": "GARBAGE",
        "status": "IN_PROGRESS",
        "priorityScore": 67,
        "wardNumber": 5,
        "wardName": "Hospital Para",
        "submittedAt": "2026-03-19T13:00:55.491024",
        "color": "#ef4444",
        "description": "Sample garbage complaint in Hospital Para"
      }
    },
    {
      "type": "Feature",
      "geometry": {
        "type": "Point",
        "coordinates": [
          88.719412,
          26.536699
        ]
      },
      "properties": {
        "id": "demo-0369",
        "complaintNumber": "CJPL-20240601-0369",
        "category": "WATER_SUPPLY",
        "status": "ASSIGNED",
        "priorityScore": 57,
        "wardNumber": 9,
        "wardName": "Dinbazar",
        "submittedAt": "2026-04-15T05:00:55.491033",
        "color": "#06b6d4",
        "description": "Sample water supply complaint in Dinbazar"
      }
    },
    {
      "type": "Feature",
      "geometry": {
        "type": "Point",
        "coordinates": [
          88.699777,
          26.553051
        ]
      },
      "properties": {
        "id": "demo-0370",
        "complaintNumber": "CJPL-20240601-0370",
        "category": "GARBAGE",
        "status": "RESOLVED",
        "priorityScore": 95,
        "wardNumber": 1,
        "wardName": "Kadamtala",
        "submittedAt": "2026-06-09T04:00:55.491043",
        "color": "#ef4444",
        "description": "Sample garbage complaint in Kadamtala"
      }
    },
    {
      "type": "Feature",
      "geometry": {
        "type": "Point",
        "coordinates": [
          88.729568,
          26.540695
        ]
      },
      "properties": {
        "id": "demo-0371",
        "complaintNumber": "CJPL-20240601-0371",
        "category": "DRAINAGE",
        "status": "ASSIGNED",
        "priorityScore": 79,
        "wardNumber": 8,
        "wardName": "Ananda Para",
        "submittedAt": "2026-05-08T15:00:55.491055",
        "color": "#8b5cf6",
        "description": "Sample drainage complaint in Ananda Para"
      }
    },
    {
      "type": "Feature",
      "geometry": {
        "type": "Point",
        "coordinates": [
          88.70262,
          26.546619
        ]
      },
      "properties": {
        "id": "demo-0372",
        "complaintNumber": "CJPL-20240601-0372",
        "category": "WATER_SUPPLY",
        "status": "SUBMITTED",
        "priorityScore": 44,
        "wardNumber": 15,
        "wardName": "Santosh Para",
        "submittedAt": "2026-03-15T06:00:55.491064",
        "color": "#06b6d4",
        "description": "Sample water supply complaint in Santosh Para"
      }
    },
    {
      "type": "Feature",
      "geometry": {
        "type": "Point",
        "coordinates": [
          88.710907,
          26.535409
        ]
      },
      "properties": {
        "id": "demo-0373",
        "complaintNumber": "CJPL-20240601-0373",
        "category": "OTHER",
        "status": "RESOLVED",
        "priorityScore": 66,
        "wardNumber": 10,
        "wardName": "Kotwali",
        "submittedAt": "2026-04-19T14:00:55.491075",
        "color": "#6b7280",
        "description": "Sample other complaint in Kotwali"
      }
    },
    {
      "type": "Feature",
      "geometry": {
        "type": "Point",
        "coordinates": [
          88.696733,
          26.532657
        ]
      },
      "properties": {
        "id": "demo-0374",
        "complaintNumber": "CJPL-20240601-0374",
        "category": "ILLEGAL_DUMPING",
        "status": "IN_PROGRESS",
        "priorityScore": 83,
        "wardNumber": 13,
        "wardName": "Babu Para",
        "submittedAt": "2026-05-26T08:00:55.491084",
        "color": "#ec4899",
        "description": "Sample illegal dumping complaint in Babu Para"
      }
    },
    {
      "type": "Feature",
      "geometry": {
        "type": "Point",
        "coordinates": [
          88.698032,
          26.536066
        ]
      },
      "properties": {
        "id": "demo-0375",
        "complaintNumber": "CJPL-20240601-0375",
        "category": "ROAD_DAMAGE",
        "status": "IN_PROGRESS",
        "priorityScore": 81,
        "wardNumber": 13,
        "wardName": "Babu Para",
        "submittedAt": "2026-03-23T08:00:55.491094",
        "color": "#f97316",
        "description": "Sample road damage complaint in Babu Para"
      }
    },
    {
      "type": "Feature",
      "geometry": {
        "type": "Point",
        "coordinates": [
          88.729729,
          26.537374
        ]
      },
      "properties": {
        "id": "demo-0376",
        "complaintNumber": "CJPL-20240601-0376",
        "category": "GARBAGE",
        "status": "ASSIGNED",
        "priorityScore": 52,
        "wardNumber": 6,
        "wardName": "Netaji Para",
        "submittedAt": "2026-05-12T07:00:55.491103",
        "color": "#ef4444",
        "description": "Sample garbage complaint in Netaji Para"
      }
    },
    {
      "type": "Feature",
      "geometry": {
        "type": "Point",
        "coordinates": [
          88.724783,
          26.54713
        ]
      },
      "properties": {
        "id": "demo-0377",
        "complaintNumber": "CJPL-20240601-0377",
        "category": "DRAINAGE",
        "status": "IN_PROGRESS",
        "priorityScore": 91,
        "wardNumber": 5,
        "wardName": "Hospital Para",
        "submittedAt": "2026-06-10T17:00:55.491114",
        "color": "#8b5cf6",
        "description": "Sample drainage complaint in Hospital Para"
      }
    },
    {
      "type": "Feature",
      "geometry": {
        "type": "Point",
        "coordinates": [
          88.722084,
          26.554284
        ]
      },
      "properties": {
        "id": "demo-0378",
        "complaintNumber": "CJPL-20240601-0378",
        "category": "ROAD_DAMAGE",
        "status": "ASSIGNED",
        "priorityScore": 67,
        "wardNumber": 18,
        "wardName": "Bhagat Singh Colony",
        "submittedAt": "2026-04-07T12:00:55.491131",
        "color": "#f97316",
        "description": "Sample road damage complaint in Bhagat Singh Colony"
      }
    },
    {
      "type": "Feature",
      "geometry": {
        "type": "Point",
        "coordinates": [
          88.711736,
          26.548643
        ]
      },
      "properties": {
        "id": "demo-0379",
        "complaintNumber": "CJPL-20240601-0379",
        "category": "GARBAGE",
        "status": "ASSIGNED",
        "priorityScore": 49,
        "wardNumber": 17,
        "wardName": "Titu Para",
        "submittedAt": "2026-04-28T15:00:55.491143",
        "color": "#ef4444",
        "description": "Sample garbage complaint in Titu Para"
      }
    },
    {
      "type": "Feature",
      "geometry": {
        "type": "Point",
        "coordinates": [
          88.703113,
          26.529755
        ]
      },
      "properties": {
        "id": "demo-0380",
        "complaintNumber": "CJPL-20240601-0380",
        "category": "DRAINAGE",
        "status": "ASSIGNED",
        "priorityScore": 68,
        "wardNumber": 12,
        "wardName": "Malopara",
        "submittedAt": "2026-03-13T18:00:55.491152",
        "color": "#8b5cf6",
        "description": "Sample drainage complaint in Malopara"
      }
    },
    {
      "type": "Feature",
      "geometry": {
        "type": "Point",
        "coordinates": [
          88.70418,
          26.533793
        ]
      },
      "properties": {
        "id": "demo-0381",
        "complaintNumber": "CJPL-20240601-0381",
        "category": "WATER_LEAKAGE",
        "status": "IN_PROGRESS",
        "priorityScore": 60,
        "wardNumber": 12,
        "wardName": "Malopara",
        "submittedAt": "2026-05-30T01:00:55.491162",
        "color": "#3b82f6",
        "description": "Sample water leakage complaint in Malopara"
      }
    },
    {
      "type": "Feature",
      "geometry": {
        "type": "Point",
        "coordinates": [
          88.718264,
          26.557384
        ]
      },
      "properties": {
        "id": "demo-0382",
        "complaintNumber": "CJPL-20240601-0382",
        "category": "DRAINAGE",
        "status": "ASSIGNED",
        "priorityScore": 60,
        "wardNumber": 18,
        "wardName": "Bhagat Singh Colony",
        "submittedAt": "2026-03-17T20:00:55.491178",
        "color": "#8b5cf6",
        "description": "Sample drainage complaint in Bhagat Singh Colony"
      }
    },
    {
      "type": "Feature",
      "geometry": {
        "type": "Point",
        "coordinates": [
          88.715762,
          26.532504
        ]
      },
      "properties": {
        "id": "demo-0383",
        "complaintNumber": "CJPL-20240601-0383",
        "category": "WATER_LEAKAGE",
        "status": "ASSIGNED",
        "priorityScore": 78,
        "wardNumber": 10,
        "wardName": "Kotwali",
        "submittedAt": "2026-04-18T13:00:55.491189",
        "color": "#3b82f6",
        "description": "Sample water leakage complaint in Kotwali"
      }
    },
    {
      "type": "Feature",
      "geometry": {
        "type": "Point",
        "coordinates": [
          88.716008,
          26.555969
        ]
      },
      "properties": {
        "id": "demo-0384",
        "complaintNumber": "CJPL-20240601-0384",
        "category": "GARBAGE",
        "status": "RESOLVED",
        "priorityScore": 37,
        "wardNumber": 18,
        "wardName": "Bhagat Singh Colony",
        "submittedAt": "2026-04-29T04:00:55.491201",
        "color": "#ef4444",
        "description": "Sample garbage complaint in Bhagat Singh Colony"
      }
    },
    {
      "type": "Feature",
      "geometry": {
        "type": "Point",
        "coordinates": [
          88.694349,
          26.541344
        ]
      },
      "properties": {
        "id": "demo-0385",
        "complaintNumber": "CJPL-20240601-0385",
        "category": "STREETLIGHT_FAILURE",
        "status": "IN_PROGRESS",
        "priorityScore": 76,
        "wardNumber": 14,
        "wardName": "Kamat Para",
        "submittedAt": "2026-04-12T01:00:55.491210",
        "color": "#eab308",
        "description": "Sample streetlight failure complaint in Kamat Para"
      }
    },
    {
      "type": "Feature",
      "geometry": {
        "type": "Point",
        "coordinates": [
          88.727249,
          26.532956
        ]
      },
      "properties": {
        "id": "demo-0386",
        "complaintNumber": "CJPL-20240601-0386",
        "category": "STREETLIGHT_FAILURE",
        "status": "RESOLVED",
        "priorityScore": 50,
        "wardNumber": 8,
        "wardName": "Ananda Para",
        "submittedAt": "2026-03-21T06:00:55.491220",
        "color": "#eab308",
        "description": "Sample streetlight failure complaint in Ananda Para"
      }
    },
    {
      "type": "Feature",
      "geometry": {
        "type": "Point",
        "coordinates": [
          88.713317,
          26.531684
        ]
      },
      "properties": {
        "id": "demo-0387",
        "complaintNumber": "CJPL-20240601-0387",
        "category": "ROAD_DAMAGE",
        "status": "CLOSED",
        "priorityScore": 87,
        "wardNumber": 10,
        "wardName": "Kotwali",
        "submittedAt": "2026-03-15T21:00:55.491230",
        "color": "#f97316",
        "description": "Sample road damage complaint in Kotwali"
      }
    },
    {
      "type": "Feature",
      "geometry": {
        "type": "Point",
        "coordinates": [
          88.719867,
          26.545464
        ]
      },
      "properties": {
        "id": "demo-0388",
        "complaintNumber": "CJPL-20240601-0388",
        "category": "WATER_LEAKAGE",
        "status": "IN_PROGRESS",
        "priorityScore": 60,
        "wardNumber": 3,
        "wardName": "Rajbari",
        "submittedAt": "2026-06-03T03:00:55.491251",
        "color": "#3b82f6",
        "description": "Sample water leakage complaint in Rajbari"
      }
    },
    {
      "type": "Feature",
      "geometry": {
        "type": "Point",
        "coordinates": [
          88.72494,
          26.536533
        ]
      },
      "properties": {
        "id": "demo-0389",
        "complaintNumber": "CJPL-20240601-0389",
        "category": "GARBAGE",
        "status": "IN_PROGRESS",
        "priorityScore": 91,
        "wardNumber": 8,
        "wardName": "Ananda Para",
        "submittedAt": "2026-04-12T00:00:55.491267",
        "color": "#ef4444",
        "description": "Sample garbage complaint in Ananda Para"
      }
    },
    {
      "type": "Feature",
      "geometry": {
        "type": "Point",
        "coordinates": [
          88.694081,
          26.540078
        ]
      },
      "properties": {
        "id": "demo-0390",
        "complaintNumber": "CJPL-20240601-0390",
        "category": "ILLEGAL_DUMPING",
        "status": "SUBMITTED",
        "priorityScore": 81,
        "wardNumber": 14,
        "wardName": "Kamat Para",
        "submittedAt": "2026-04-02T23:00:55.491281",
        "color": "#ec4899",
        "description": "Sample illegal dumping complaint in Kamat Para"
      }
    },
    {
      "type": "Feature",
      "geometry": {
        "type": "Point",
        "coordinates": [
          88.697642,
          26.537831
        ]
      },
      "properties": {
        "id": "demo-0391",
        "complaintNumber": "CJPL-20240601-0391",
        "category": "DRAINAGE",
        "status": "ASSIGNED",
        "priorityScore": 60,
        "wardNumber": 14,
        "wardName": "Kamat Para",
        "submittedAt": "2026-05-08T16:00:55.491292",
        "color": "#8b5cf6",
        "description": "Sample drainage complaint in Kamat Para"
      }
    },
    {
      "type": "Feature",
      "geometry": {
        "type": "Point",
        "coordinates": [
          88.692472,
          26.535393
        ]
      },
      "properties": {
        "id": "demo-0392",
        "complaintNumber": "CJPL-20240601-0392",
        "category": "WATER_SUPPLY",
        "status": "IN_PROGRESS",
        "priorityScore": 69,
        "wardNumber": 13,
        "wardName": "Babu Para",
        "submittedAt": "2026-04-27T03:00:55.491301",
        "color": "#06b6d4",
        "description": "Sample water supply complaint in Babu Para"
      }
    },
    {
      "type": "Feature",
      "geometry": {
        "type": "Point",
        "coordinates": [
          88.719756,
          26.554525
        ]
      },
      "properties": {
        "id": "demo-0393",
        "complaintNumber": "CJPL-20240601-0393",
        "category": "WATER_LEAKAGE",
        "status": "RESOLVED",
        "priorityScore": 60,
        "wardNumber": 18,
        "wardName": "Bhagat Singh Colony",
        "submittedAt": "2026-06-06T22:00:55.491311",
        "color": "#3b82f6",
        "description": "Sample water leakage complaint in Bhagat Singh Colony"
      }
    },
    {
      "type": "Feature",
      "geometry": {
        "type": "Point",
        "coordinates": [
          88.735814,
          26.542889
        ]
      },
      "properties": {
        "id": "demo-0394",
        "complaintNumber": "CJPL-20240601-0394",
        "category": "STREETLIGHT_FAILURE",
        "status": "IN_PROGRESS",
        "priorityScore": 68,
        "wardNumber": 7,
        "wardName": "Khagrabari",
        "submittedAt": "2026-05-12T22:00:55.491321",
        "color": "#eab308",
        "description": "Sample streetlight failure complaint in Khagrabari"
      }
    },
    {
      "type": "Feature",
      "geometry": {
        "type": "Point",
        "coordinates": [
          88.701132,
          26.531988
        ]
      },
      "properties": {
        "id": "demo-0395",
        "complaintNumber": "CJPL-20240601-0395",
        "category": "GARBAGE",
        "status": "SUBMITTED",
        "priorityScore": 62,
        "wardNumber": 12,
        "wardName": "Malopara",
        "submittedAt": "2026-04-19T18:00:55.491331",
        "color": "#ef4444",
        "description": "Sample garbage complaint in Malopara"
      }
    },
    {
      "type": "Feature",
      "geometry": {
        "type": "Point",
        "coordinates": [
          88.724148,
          26.545038
        ]
      },
      "properties": {
        "id": "demo-0396",
        "complaintNumber": "CJPL-20240601-0396",
        "category": "WATER_LEAKAGE",
        "status": "IN_PROGRESS",
        "priorityScore": 60,
        "wardNumber": 4,
        "wardName": "Station Para",
        "submittedAt": "2026-06-09T13:00:55.491339",
        "color": "#3b82f6",
        "description": "Sample water leakage complaint in Station Para"
      }
    },
    {
      "type": "Feature",
      "geometry": {
        "type": "Point",
        "coordinates": [
          88.728688,
          26.545186
        ]
      },
      "properties": {
        "id": "demo-0397",
        "complaintNumber": "CJPL-20240601-0397",
        "category": "GARBAGE",
        "status": "SUBMITTED",
        "priorityScore": 42,
        "wardNumber": 5,
        "wardName": "Hospital Para",
        "submittedAt": "2026-05-26T18:00:55.491347",
        "color": "#ef4444",
        "description": "Sample garbage complaint in Hospital Para"
      }
    },
    {
      "type": "Feature",
      "geometry": {
        "type": "Point",
        "coordinates": [
          88.723586,
          26.544738
        ]
      },
      "properties": {
        "id": "demo-0398",
        "complaintNumber": "CJPL-20240601-0398",
        "category": "ROAD_DAMAGE",
        "status": "ASSIGNED",
        "priorityScore": 74,
        "wardNumber": 4,
        "wardName": "Station Para",
        "submittedAt": "2026-03-17T11:00:55.491356",
        "color": "#f97316",
        "description": "Sample road damage complaint in Station Para"
      }
    },
    {
      "type": "Feature",
      "geometry": {
        "type": "Point",
        "coordinates": [
          88.734037,
          26.539948
        ]
      },
      "properties": {
        "id": "demo-0399",
        "complaintNumber": "CJPL-20240601-0399",
        "category": "STREETLIGHT_FAILURE",
        "status": "ASSIGNED",
        "priorityScore": 90,
        "wardNumber": 7,
        "wardName": "Khagrabari",
        "submittedAt": "2026-04-19T22:00:55.491365",
        "color": "#eab308",
        "description": "Sample streetlight failure complaint in Khagrabari"
      }
    },
    {
      "type": "Feature",
      "geometry": {
        "type": "Point",
        "coordinates": [
          88.71963,
          26.545664
        ]
      },
      "properties": {
        "id": "demo-0400",
        "complaintNumber": "CJPL-20240601-0400",
        "category": "GARBAGE",
        "status": "SUBMITTED",
        "priorityScore": 77,
        "wardNumber": 4,
        "wardName": "Station Para",
        "submittedAt": "2026-03-28T13:00:55.491373",
        "color": "#ef4444",
        "description": "Sample garbage complaint in Station Para"
      }
    },
    {
      "type": "Feature",
      "geometry": {
        "type": "Point",
        "coordinates": [
          88.715878,
          26.550948
        ]
      },
      "properties": {
        "id": "demo-0401",
        "complaintNumber": "CJPL-20240601-0401",
        "category": "WATER_SUPPLY",
        "status": "SUBMITTED",
        "priorityScore": 80,
        "wardNumber": 17,
        "wardName": "Titu Para",
        "submittedAt": "2026-06-05T16:00:55.491390",
        "color": "#06b6d4",
        "description": "Sample water supply complaint in Titu Para"
      }
    },
    {
      "type": "Feature",
      "geometry": {
        "type": "Point",
        "coordinates": [
          88.711245,
          26.551301
        ]
      },
      "properties": {
        "id": "demo-0402",
        "complaintNumber": "CJPL-20240601-0402",
        "category": "ILLEGAL_DUMPING",
        "status": "IN_PROGRESS",
        "priorityScore": 37,
        "wardNumber": 17,
        "wardName": "Titu Para",
        "submittedAt": "2026-03-20T12:00:55.491400",
        "color": "#ec4899",
        "description": "Sample illegal dumping complaint in Titu Para"
      }
    },
    {
      "type": "Feature",
      "geometry": {
        "type": "Point",
        "coordinates": [
          88.7242,
          26.531698
        ]
      },
      "properties": {
        "id": "demo-0403",
        "complaintNumber": "CJPL-20240601-0403",
        "category": "ROAD_DAMAGE",
        "status": "IN_PROGRESS",
        "priorityScore": 31,
        "wardNumber": 9,
        "wardName": "Dinbazar",
        "submittedAt": "2026-04-02T02:00:55.491420",
        "color": "#f97316",
        "description": "Sample road damage complaint in Dinbazar"
      }
    },
    {
      "type": "Feature",
      "geometry": {
        "type": "Point",
        "coordinates": [
          88.724989,
          26.542665
        ]
      },
      "properties": {
        "id": "demo-0404",
        "complaintNumber": "CJPL-20240601-0404",
        "category": "WATER_SUPPLY",
        "status": "SUBMITTED",
        "priorityScore": 93,
        "wardNumber": 5,
        "wardName": "Hospital Para",
        "submittedAt": "2026-03-27T14:00:55.491429",
        "color": "#06b6d4",
        "description": "Sample water supply complaint in Hospital Para"
      }
    },
    {
      "type": "Feature",
      "geometry": {
        "type": "Point",
        "coordinates": [
          88.727255,
          26.550206
        ]
      },
      "properties": {
        "id": "demo-0405",
        "complaintNumber": "CJPL-20240601-0405",
        "category": "WATER_LEAKAGE",
        "status": "RESOLVED",
        "priorityScore": 60,
        "wardNumber": 19,
        "wardName": "Purba Jalpaiguri",
        "submittedAt": "2026-05-31T01:00:55.491440",
        "color": "#3b82f6",
        "description": "Sample water leakage complaint in Purba Jalpaiguri"
      }
    },
    {
      "type": "Feature",
      "geometry": {
        "type": "Point",
        "coordinates": [
          88.70427,
          26.543965
        ]
      },
      "properties": {
        "id": "demo-0406",
        "complaintNumber": "CJPL-20240601-0406",
        "category": "ROAD_DAMAGE",
        "status": "SUBMITTED",
        "priorityScore": 47,
        "wardNumber": 15,
        "wardName": "Santosh Para",
        "submittedAt": "2026-03-28T08:00:55.491449",
        "color": "#f97316",
        "description": "Sample road damage complaint in Santosh Para"
      }
    },
    {
      "type": "Feature",
      "geometry": {
        "type": "Point",
        "coordinates": [
          88.696482,
          26.546523
        ]
      },
      "properties": {
        "id": "demo-0407",
        "complaintNumber": "CJPL-20240601-0407",
        "category": "WATER_LEAKAGE",
        "status": "RESOLVED",
        "priorityScore": 60,
        "wardNumber": 15,
        "wardName": "Santosh Para",
        "submittedAt": "2026-06-02T20:00:55.491458",
        "color": "#3b82f6",
        "description": "Sample water leakage complaint in Santosh Para"
      }
    },
    {
      "type": "Feature",
      "geometry": {
        "type": "Point",
        "coordinates": [
          88.695728,
          26.547066
        ]
      },
      "properties": {
        "id": "demo-0408",
        "complaintNumber": "CJPL-20240601-0408",
        "category": "GARBAGE",
        "status": "SUBMITTED",
        "priorityScore": 73,
        "wardNumber": 15,
        "wardName": "Santosh Para",
        "submittedAt": "2026-04-22T06:00:55.491466",
        "color": "#ef4444",
        "description": "Sample garbage complaint in Santosh Para"
      }
    },
    {
      "type": "Feature",
      "geometry": {
        "type": "Point",
        "coordinates": [
          88.716654,
          26.543901
        ]
      },
      "properties": {
        "id": "demo-0409",
        "complaintNumber": "CJPL-20240601-0409",
        "category": "WATER_SUPPLY",
        "status": "ASSIGNED",
        "priorityScore": 49,
        "wardNumber": 4,
        "wardName": "Station Para",
        "submittedAt": "2026-05-19T10:00:55.491476",
        "color": "#06b6d4",
        "description": "Sample water supply complaint in Station Para"
      }
    },
    {
      "type": "Feature",
      "geometry": {
        "type": "Point",
        "coordinates": [
          88.703694,
          26.551861
        ]
      },
      "properties": {
        "id": "demo-0410",
        "complaintNumber": "CJPL-20240601-0410",
        "category": "STREETLIGHT_FAILURE",
        "status": "IN_PROGRESS",
        "priorityScore": 61,
        "wardNumber": 1,
        "wardName": "Kadamtala",
        "submittedAt": "2026-04-24T16:00:55.491537",
        "color": "#eab308",
        "description": "Sample streetlight failure complaint in Kadamtala"
      }
    },
    {
      "type": "Feature",
      "geometry": {
        "type": "Point",
        "coordinates": [
          88.72235,
          26.545695
        ]
      },
      "properties": {
        "id": "demo-0411",
        "complaintNumber": "CJPL-20240601-0411",
        "category": "GARBAGE",
        "status": "SUBMITTED",
        "priorityScore": 58,
        "wardNumber": 4,
        "wardName": "Station Para",
        "submittedAt": "2026-03-26T14:00:55.491548",
        "color": "#ef4444",
        "description": "Sample garbage complaint in Station Para"
      }
    },
    {
      "type": "Feature",
      "geometry": {
        "type": "Point",
        "coordinates": [
          88.721337,
          26.559904
        ]
      },
      "properties": {
        "id": "demo-0412",
        "complaintNumber": "CJPL-20240601-0412",
        "category": "GARBAGE",
        "status": "RESOLVED",
        "priorityScore": 75,
        "wardNumber": 18,
        "wardName": "Bhagat Singh Colony",
        "submittedAt": "2026-03-15T00:00:55.491558",
        "color": "#ef4444",
        "description": "Sample garbage complaint in Bhagat Singh Colony"
      }
    },
    {
      "type": "Feature",
      "geometry": {
        "type": "Point",
        "coordinates": [
          88.7178,
          26.532148
        ]
      },
      "properties": {
        "id": "demo-0413",
        "complaintNumber": "CJPL-20240601-0413",
        "category": "WATER_LEAKAGE",
        "status": "IN_PROGRESS",
        "priorityScore": 87,
        "wardNumber": 10,
        "wardName": "Kotwali",
        "submittedAt": "2026-05-11T04:00:55.491567",
        "color": "#3b82f6",
        "description": "Sample water leakage complaint in Kotwali"
      }
    },
    {
      "type": "Feature",
      "geometry": {
        "type": "Point",
        "coordinates": [
          88.713697,
          26.551877
        ]
      },
      "properties": {
        "id": "demo-0414",
        "complaintNumber": "CJPL-20240601-0414",
        "category": "DRAINAGE",
        "status": "RESOLVED",
        "priorityScore": 60,
        "wardNumber": 17,
        "wardName": "Titu Para",
        "submittedAt": "2026-04-25T15:00:55.491596",
        "color": "#8b5cf6",
        "description": "Sample drainage complaint in Titu Para"
      }
    },
    {
      "type": "Feature",
      "geometry": {
        "type": "Point",
        "coordinates": [
          88.69705,
          26.534712
        ]
      },
      "properties": {
        "id": "demo-0415",
        "complaintNumber": "CJPL-20240601-0415",
        "category": "ILLEGAL_DUMPING",
        "status": "IN_PROGRESS",
        "priorityScore": 62,
        "wardNumber": 13,
        "wardName": "Babu Para",
        "submittedAt": "2026-05-03T05:00:55.491606",
        "color": "#ec4899",
        "description": "Sample illegal dumping complaint in Babu Para"
      }
    },
    {
      "type": "Feature",
      "geometry": {
        "type": "Point",
        "coordinates": [
          88.723004,
          26.545622
        ]
      },
      "properties": {
        "id": "demo-0416",
        "complaintNumber": "CJPL-20240601-0416",
        "category": "WATER_LEAKAGE",
        "status": "CLOSED",
        "priorityScore": 89,
        "wardNumber": 4,
        "wardName": "Station Para",
        "submittedAt": "2026-03-19T22:00:55.491617",
        "color": "#3b82f6",
        "description": "Sample water leakage complaint in Station Para"
      }
    },
    {
      "type": "Feature",
      "geometry": {
        "type": "Point",
        "coordinates": [
          88.716507,
          26.538241
        ]
      },
      "properties": {
        "id": "demo-0417",
        "complaintNumber": "CJPL-20240601-0417",
        "category": "ROAD_DAMAGE",
        "status": "RESOLVED",
        "priorityScore": 47,
        "wardNumber": 10,
        "wardName": "Kotwali",
        "submittedAt": "2026-04-17T07:00:55.491627",
        "color": "#f97316",
        "description": "Sample road damage complaint in Kotwali"
      }
    },
    {
      "type": "Feature",
      "geometry": {
        "type": "Point",
        "coordinates": [
          88.701775,
          26.546083
        ]
      },
      "properties": {
        "id": "demo-0418",
        "complaintNumber": "CJPL-20240601-0418",
        "category": "DRAINAGE",
        "status": "CLOSED",
        "priorityScore": 66,
        "wardNumber": 15,
        "wardName": "Santosh Para",
        "submittedAt": "2026-05-06T00:00:55.491649",
        "color": "#8b5cf6",
        "description": "Sample drainage complaint in Santosh Para"
      }
    },
    {
      "type": "Feature",
      "geometry": {
        "type": "Point",
        "coordinates": [
          88.704941,
          26.526475
        ]
      },
      "properties": {
        "id": "demo-0419",
        "complaintNumber": "CJPL-20240601-0419",
        "category": "WATER_SUPPLY",
        "status": "IN_PROGRESS",
        "priorityScore": 44,
        "wardNumber": 12,
        "wardName": "Malopara",
        "submittedAt": "2026-05-23T11:00:55.491672",
        "color": "#06b6d4",
        "description": "Sample water supply complaint in Malopara"
      }
    },
    {
      "type": "Feature",
      "geometry": {
        "type": "Point",
        "coordinates": [
          88.716754,
          26.545066
        ]
      },
      "properties": {
        "id": "demo-0420",
        "complaintNumber": "CJPL-20240601-0420",
        "category": "WATER_SUPPLY",
        "status": "ASSIGNED",
        "priorityScore": 93,
        "wardNumber": 4,
        "wardName": "Station Para",
        "submittedAt": "2026-04-10T12:00:55.491694",
        "color": "#06b6d4",
        "description": "Sample water supply complaint in Station Para"
      }
    },
    {
      "type": "Feature",
      "geometry": {
        "type": "Point",
        "coordinates": [
          88.697835,
          26.540564
        ]
      },
      "properties": {
        "id": "demo-0421",
        "complaintNumber": "CJPL-20240601-0421",
        "category": "WATER_LEAKAGE",
        "status": "ASSIGNED",
        "priorityScore": 60,
        "wardNumber": 13,
        "wardName": "Babu Para",
        "submittedAt": "2026-03-25T07:00:55.491713",
        "color": "#3b82f6",
        "description": "Sample water leakage complaint in Babu Para"
      }
    },
    {
      "type": "Feature",
      "geometry": {
        "type": "Point",
        "coordinates": [
          88.727341,
          26.552042
        ]
      },
      "properties": {
        "id": "demo-0422",
        "complaintNumber": "CJPL-20240601-0422",
        "category": "GARBAGE",
        "status": "ASSIGNED",
        "priorityScore": 41,
        "wardNumber": 19,
        "wardName": "Purba Jalpaiguri",
        "submittedAt": "2026-05-26T06:00:55.491739",
        "color": "#ef4444",
        "description": "Sample garbage complaint in Purba Jalpaiguri"
      }
    },
    {
      "type": "Feature",
      "geometry": {
        "type": "Point",
        "coordinates": [
          88.733091,
          26.550257
        ]
      },
      "properties": {
        "id": "demo-0423",
        "complaintNumber": "CJPL-20240601-0423",
        "category": "WATER_LEAKAGE",
        "status": "SUBMITTED",
        "priorityScore": 60,
        "wardNumber": 19,
        "wardName": "Purba Jalpaiguri",
        "submittedAt": "2026-03-16T09:00:55.491756",
        "color": "#3b82f6",
        "description": "Sample water leakage complaint in Purba Jalpaiguri"
      }
    },
    {
      "type": "Feature",
      "geometry": {
        "type": "Point",
        "coordinates": [
          88.727945,
          26.549905
        ]
      },
      "properties": {
        "id": "demo-0424",
        "complaintNumber": "CJPL-20240601-0424",
        "category": "GARBAGE",
        "status": "RESOLVED",
        "priorityScore": 37,
        "wardNumber": 19,
        "wardName": "Purba Jalpaiguri",
        "submittedAt": "2026-05-10T05:00:55.491780",
        "color": "#ef4444",
        "description": "Sample garbage complaint in Purba Jalpaiguri"
      }
    },
    {
      "type": "Feature",
      "geometry": {
        "type": "Point",
        "coordinates": [
          88.735323,
          26.538825
        ]
      },
      "properties": {
        "id": "demo-0425",
        "complaintNumber": "CJPL-20240601-0425",
        "category": "GARBAGE",
        "status": "ASSIGNED",
        "priorityScore": 52,
        "wardNumber": 7,
        "wardName": "Khagrabari",
        "submittedAt": "2026-03-22T06:00:55.491800",
        "color": "#ef4444",
        "description": "Sample garbage complaint in Khagrabari"
      }
    },
    {
      "type": "Feature",
      "geometry": {
        "type": "Point",
        "coordinates": [
          88.725382,
          26.535732
        ]
      },
      "properties": {
        "id": "demo-0426",
        "complaintNumber": "CJPL-20240601-0426",
        "category": "STREETLIGHT_FAILURE",
        "status": "SUBMITTED",
        "priorityScore": 42,
        "wardNumber": 8,
        "wardName": "Ananda Para",
        "submittedAt": "2026-04-16T21:00:55.491819",
        "color": "#eab308",
        "description": "Sample streetlight failure complaint in Ananda Para"
      }
    },
    {
      "type": "Feature",
      "geometry": {
        "type": "Point",
        "coordinates": [
          88.709449,
          26.55273
        ]
      },
      "properties": {
        "id": "demo-0427",
        "complaintNumber": "CJPL-20240601-0427",
        "category": "DRAINAGE",
        "status": "RESOLVED",
        "priorityScore": 78,
        "wardNumber": 17,
        "wardName": "Titu Para",
        "submittedAt": "2026-04-30T19:00:55.491840",
        "color": "#8b5cf6",
        "description": "Sample drainage complaint in Titu Para"
      }
    },
    {
      "type": "Feature",
      "geometry": {
        "type": "Point",
        "coordinates": [
          88.717776,
          26.557719
        ]
      },
      "properties": {
        "id": "demo-0428",
        "complaintNumber": "CJPL-20240601-0428",
        "category": "STREETLIGHT_FAILURE",
        "status": "IN_PROGRESS",
        "priorityScore": 87,
        "wardNumber": 18,
        "wardName": "Bhagat Singh Colony",
        "submittedAt": "2026-05-03T09:00:55.491860",
        "color": "#eab308",
        "description": "Sample streetlight failure complaint in Bhagat Singh Colony"
      }
    },
    {
      "type": "Feature",
      "geometry": {
        "type": "Point",
        "coordinates": [
          88.738478,
          26.550852
        ]
      },
      "properties": {
        "id": "demo-0429",
        "complaintNumber": "CJPL-20240601-0429",
        "category": "ILLEGAL_DUMPING",
        "status": "RESOLVED",
        "priorityScore": 78,
        "wardNumber": 20,
        "wardName": "Paschim Palli",
        "submittedAt": "2026-05-25T06:00:55.491891",
        "color": "#ec4899",
        "description": "Sample illegal dumping complaint in Paschim Palli"
      }
    },
    {
      "type": "Feature",
      "geometry": {
        "type": "Point",
        "coordinates": [
          88.726199,
          26.538465
        ]
      },
      "properties": {
        "id": "demo-0430",
        "complaintNumber": "CJPL-20240601-0430",
        "category": "GARBAGE",
        "status": "RESOLVED",
        "priorityScore": 66,
        "wardNumber": 8,
        "wardName": "Ananda Para",
        "submittedAt": "2026-03-24T17:00:55.491913",
        "color": "#ef4444",
        "description": "Sample garbage complaint in Ananda Para"
      }
    },
    {
      "type": "Feature",
      "geometry": {
        "type": "Point",
        "coordinates": [
          88.727142,
          26.537556
        ]
      },
      "properties": {
        "id": "demo-0431",
        "complaintNumber": "CJPL-20240601-0431",
        "category": "GARBAGE",
        "status": "ASSIGNED",
        "priorityScore": 87,
        "wardNumber": 8,
        "wardName": "Ananda Para",
        "submittedAt": "2026-05-15T16:00:55.491928",
        "color": "#ef4444",
        "description": "Sample garbage complaint in Ananda Para"
      }
    },
    {
      "type": "Feature",
      "geometry": {
        "type": "Point",
        "coordinates": [
          88.728047,
          26.544856
        ]
      },
      "properties": {
        "id": "demo-0432",
        "complaintNumber": "CJPL-20240601-0432",
        "category": "ROAD_DAMAGE",
        "status": "CLOSED",
        "priorityScore": 80,
        "wardNumber": 5,
        "wardName": "Hospital Para",
        "submittedAt": "2026-05-11T21:00:55.491989",
        "color": "#f97316",
        "description": "Sample road damage complaint in Hospital Para"
      }
    },
    {
      "type": "Feature",
      "geometry": {
        "type": "Point",
        "coordinates": [
          88.711838,
          26.551344
        ]
      },
      "properties": {
        "id": "demo-0433",
        "complaintNumber": "CJPL-20240601-0433",
        "category": "ROAD_DAMAGE",
        "status": "IN_PROGRESS",
        "priorityScore": 41,
        "wardNumber": 2,
        "wardName": "Deshbandhu Para",
        "submittedAt": "2026-04-27T09:00:55.492009",
        "color": "#f97316",
        "description": "Sample road damage complaint in Deshbandhu Para"
      }
    },
    {
      "type": "Feature",
      "geometry": {
        "type": "Point",
        "coordinates": [
          88.701658,
          26.551242
        ]
      },
      "properties": {
        "id": "demo-0434",
        "complaintNumber": "CJPL-20240601-0434",
        "category": "GARBAGE",
        "status": "SUBMITTED",
        "priorityScore": 85,
        "wardNumber": 1,
        "wardName": "Kadamtala",
        "submittedAt": "2026-04-11T18:00:55.492029",
        "color": "#ef4444",
        "description": "Sample garbage complaint in Kadamtala"
      }
    },
    {
      "type": "Feature",
      "geometry": {
        "type": "Point",
        "coordinates": [
          88.719894,
          26.533029
        ]
      },
      "properties": {
        "id": "demo-0435",
        "complaintNumber": "CJPL-20240601-0435",
        "category": "WATER_LEAKAGE",
        "status": "SUBMITTED",
        "priorityScore": 86,
        "wardNumber": 10,
        "wardName": "Kotwali",
        "submittedAt": "2026-03-16T09:00:55.492053",
        "color": "#3b82f6",
        "description": "Sample water leakage complaint in Kotwali"
      }
    },
    {
      "type": "Feature",
      "geometry": {
        "type": "Point",
        "coordinates": [
          88.717158,
          26.545554
        ]
      },
      "properties": {
        "id": "demo-0436",
        "complaintNumber": "CJPL-20240601-0436",
        "category": "DRAINAGE",
        "status": "ASSIGNED",
        "priorityScore": 60,
        "wardNumber": 4,
        "wardName": "Station Para",
        "submittedAt": "2026-04-29T08:00:55.492074",
        "color": "#8b5cf6",
        "description": "Sample drainage complaint in Station Para"
      }
    },
    {
      "type": "Feature",
      "geometry": {
        "type": "Point",
        "coordinates": [
          88.701733,
          26.549099
        ]
      },
      "properties": {
        "id": "demo-0437",
        "complaintNumber": "CJPL-20240601-0437",
        "category": "WATER_LEAKAGE",
        "status": "SUBMITTED",
        "priorityScore": 60,
        "wardNumber": 16,
        "wardName": "Kachhari Para",
        "submittedAt": "2026-05-07T05:00:55.492097",
        "color": "#3b82f6",
        "description": "Sample water leakage complaint in Kachhari Para"
      }
    },
    {
      "type": "Feature",
      "geometry": {
        "type": "Point",
        "coordinates": [
          88.725684,
          26.544598
        ]
      },
      "properties": {
        "id": "demo-0438",
        "complaintNumber": "CJPL-20240601-0438",
        "category": "ROAD_DAMAGE",
        "status": "RESOLVED",
        "priorityScore": 55,
        "wardNumber": 5,
        "wardName": "Hospital Para",
        "submittedAt": "2026-05-15T21:00:55.492119",
        "color": "#f97316",
        "description": "Sample road damage complaint in Hospital Para"
      }
    },
    {
      "type": "Feature",
      "geometry": {
        "type": "Point",
        "coordinates": [
          88.727724,
          26.550805
        ]
      },
      "properties": {
        "id": "demo-0439",
        "complaintNumber": "CJPL-20240601-0439",
        "category": "GARBAGE",
        "status": "CLOSED",
        "priorityScore": 58,
        "wardNumber": 19,
        "wardName": "Purba Jalpaiguri",
        "submittedAt": "2026-04-02T13:00:55.492138",
        "color": "#ef4444",
        "description": "Sample garbage complaint in Purba Jalpaiguri"
      }
    },
    {
      "type": "Feature",
      "geometry": {
        "type": "Point",
        "coordinates": [
          88.72154,
          26.53737
        ]
      },
      "properties": {
        "id": "demo-0440",
        "complaintNumber": "CJPL-20240601-0440",
        "category": "GARBAGE",
        "status": "RESOLVED",
        "priorityScore": 72,
        "wardNumber": 9,
        "wardName": "Dinbazar",
        "submittedAt": "2026-03-24T12:00:55.492148",
        "color": "#ef4444",
        "description": "Sample garbage complaint in Dinbazar"
      }
    },
    {
      "type": "Feature",
      "geometry": {
        "type": "Point",
        "coordinates": [
          88.707486,
          26.533939
        ]
      },
      "properties": {
        "id": "demo-0441",
        "complaintNumber": "CJPL-20240601-0441",
        "category": "DRAINAGE",
        "status": "ASSIGNED",
        "priorityScore": 60,
        "wardNumber": 11,
        "wardName": "Rajganj Road",
        "submittedAt": "2026-05-05T03:00:55.492157",
        "color": "#8b5cf6",
        "description": "Sample drainage complaint in Rajganj Road"
      }
    },
    {
      "type": "Feature",
      "geometry": {
        "type": "Point",
        "coordinates": [
          88.726009,
          26.534702
        ]
      },
      "properties": {
        "id": "demo-0442",
        "complaintNumber": "CJPL-20240601-0442",
        "category": "ROAD_DAMAGE",
        "status": "SUBMITTED",
        "priorityScore": 57,
        "wardNumber": 9,
        "wardName": "Dinbazar",
        "submittedAt": "2026-04-22T22:00:55.492166",
        "color": "#f97316",
        "description": "Sample road damage complaint in Dinbazar"
      }
    },
    {
      "type": "Feature",
      "geometry": {
        "type": "Point",
        "coordinates": [
          88.694716,
          26.540383
        ]
      },
      "properties": {
        "id": "demo-0443",
        "complaintNumber": "CJPL-20240601-0443",
        "category": "DRAINAGE",
        "status": "SUBMITTED",
        "priorityScore": 60,
        "wardNumber": 14,
        "wardName": "Kamat Para",
        "submittedAt": "2026-04-23T09:00:55.492176",
        "color": "#8b5cf6",
        "description": "Sample drainage complaint in Kamat Para"
      }
    },
    {
      "type": "Feature",
      "geometry": {
        "type": "Point",
        "coordinates": [
          88.699348,
          26.549244
        ]
      },
      "properties": {
        "id": "demo-0444",
        "complaintNumber": "CJPL-20240601-0444",
        "category": "GARBAGE",
        "status": "IN_PROGRESS",
        "priorityScore": 77,
        "wardNumber": 16,
        "wardName": "Kachhari Para",
        "submittedAt": "2026-05-19T02:00:55.492202",
        "color": "#ef4444",
        "description": "Sample garbage complaint in Kachhari Para"
      }
    },
    {
      "type": "Feature",
      "geometry": {
        "type": "Point",
        "coordinates": [
          88.714641,
          26.54598
        ]
      },
      "properties": {
        "id": "demo-0445",
        "complaintNumber": "CJPL-20240601-0445",
        "category": "ILLEGAL_DUMPING",
        "status": "SUBMITTED",
        "priorityScore": 59,
        "wardNumber": 3,
        "wardName": "Rajbari",
        "submittedAt": "2026-05-05T21:00:55.492222",
        "color": "#ec4899",
        "description": "Sample illegal dumping complaint in Rajbari"
      }
    },
    {
      "type": "Feature",
      "geometry": {
        "type": "Point",
        "coordinates": [
          88.730227,
          26.542759
        ]
      },
      "properties": {
        "id": "demo-0446",
        "complaintNumber": "CJPL-20240601-0446",
        "category": "DRAINAGE",
        "status": "ASSIGNED",
        "priorityScore": 60,
        "wardNumber": 6,
        "wardName": "Netaji Para",
        "submittedAt": "2026-03-24T12:00:55.492245",
        "color": "#8b5cf6",
        "description": "Sample drainage complaint in Netaji Para"
      }
    },
    {
      "type": "Feature",
      "geometry": {
        "type": "Point",
        "coordinates": [
          88.702552,
          26.545849
        ]
      },
      "properties": {
        "id": "demo-0447",
        "complaintNumber": "CJPL-20240601-0447",
        "category": "GARBAGE",
        "status": "IN_PROGRESS",
        "priorityScore": 65,
        "wardNumber": 16,
        "wardName": "Kachhari Para",
        "submittedAt": "2026-04-16T19:00:55.492264",
        "color": "#ef4444",
        "description": "Sample garbage complaint in Kachhari Para"
      }
    },
    {
      "type": "Feature",
      "geometry": {
        "type": "Point",
        "coordinates": [
          88.721391,
          26.535635
        ]
      },
      "properties": {
        "id": "demo-0448",
        "complaintNumber": "CJPL-20240601-0448",
        "category": "WATER_LEAKAGE",
        "status": "IN_PROGRESS",
        "priorityScore": 63,
        "wardNumber": 9,
        "wardName": "Dinbazar",
        "submittedAt": "2026-06-09T14:00:55.492283",
        "color": "#3b82f6",
        "description": "Sample water leakage complaint in Dinbazar"
      }
    },
    {
      "type": "Feature",
      "geometry": {
        "type": "Point",
        "coordinates": [
          88.71743,
          26.548511
        ]
      },
      "properties": {
        "id": "demo-0449",
        "complaintNumber": "CJPL-20240601-0449",
        "category": "GARBAGE",
        "status": "RESOLVED",
        "priorityScore": 30,
        "wardNumber": 3,
        "wardName": "Rajbari",
        "submittedAt": "2026-04-08T04:00:55.492304",
        "color": "#ef4444",
        "description": "Sample garbage complaint in Rajbari"
      }
    },
    {
      "type": "Feature",
      "geometry": {
        "type": "Point",
        "coordinates": [
          88.735555,
          26.53906
        ]
      },
      "properties": {
        "id": "demo-0450",
        "complaintNumber": "CJPL-20240601-0450",
        "category": "ROAD_DAMAGE",
        "status": "SUBMITTED",
        "priorityScore": 45,
        "wardNumber": 7,
        "wardName": "Khagrabari",
        "submittedAt": "2026-05-17T03:00:55.492320",
        "color": "#f97316",
        "description": "Sample road damage complaint in Khagrabari"
      }
    },
    {
      "type": "Feature",
      "geometry": {
        "type": "Point",
        "coordinates": [
          88.734752,
          26.540075
        ]
      },
      "properties": {
        "id": "demo-0451",
        "complaintNumber": "CJPL-20240601-0451",
        "category": "GARBAGE",
        "status": "SUBMITTED",
        "priorityScore": 52,
        "wardNumber": 7,
        "wardName": "Khagrabari",
        "submittedAt": "2026-05-03T00:00:55.492347",
        "color": "#ef4444",
        "description": "Sample garbage complaint in Khagrabari"
      }
    },
    {
      "type": "Feature",
      "geometry": {
        "type": "Point",
        "coordinates": [
          88.699731,
          26.536615
        ]
      },
      "properties": {
        "id": "demo-0452",
        "complaintNumber": "CJPL-20240601-0452",
        "category": "GARBAGE",
        "status": "SUBMITTED",
        "priorityScore": 72,
        "wardNumber": 13,
        "wardName": "Babu Para",
        "submittedAt": "2026-04-27T19:00:55.492367",
        "color": "#ef4444",
        "description": "Sample garbage complaint in Babu Para"
      }
    },
    {
      "type": "Feature",
      "geometry": {
        "type": "Point",
        "coordinates": [
          88.722883,
          26.546662
        ]
      },
      "properties": {
        "id": "demo-0453",
        "complaintNumber": "CJPL-20240601-0453",
        "category": "ROAD_DAMAGE",
        "status": "IN_PROGRESS",
        "priorityScore": 36,
        "wardNumber": 4,
        "wardName": "Station Para",
        "submittedAt": "2026-05-08T12:00:55.492386",
        "color": "#f97316",
        "description": "Sample road damage complaint in Station Para"
      }
    },
    {
      "type": "Feature",
      "geometry": {
        "type": "Point",
        "coordinates": [
          88.717014,
          26.533854
        ]
      },
      "properties": {
        "id": "demo-0454",
        "complaintNumber": "CJPL-20240601-0454",
        "category": "GARBAGE",
        "status": "CLOSED",
        "priorityScore": 59,
        "wardNumber": 10,
        "wardName": "Kotwali",
        "submittedAt": "2026-04-28T14:00:55.492406",
        "color": "#ef4444",
        "description": "Sample garbage complaint in Kotwali"
      }
    },
    {
      "type": "Feature",
      "geometry": {
        "type": "Point",
        "coordinates": [
          88.713416,
          26.533411
        ]
      },
      "properties": {
        "id": "demo-0455",
        "complaintNumber": "CJPL-20240601-0455",
        "category": "GARBAGE",
        "status": "IN_PROGRESS",
        "priorityScore": 95,
        "wardNumber": 10,
        "wardName": "Kotwali",
        "submittedAt": "2026-04-01T02:00:55.492421",
        "color": "#ef4444",
        "description": "Sample garbage complaint in Kotwali"
      }
    },
    {
      "type": "Feature",
      "geometry": {
        "type": "Point",
        "coordinates": [
          88.722046,
          26.546334
        ]
      },
      "properties": {
        "id": "demo-0456",
        "complaintNumber": "CJPL-20240601-0456",
        "category": "GARBAGE",
        "status": "ASSIGNED",
        "priorityScore": 71,
        "wardNumber": 5,
        "wardName": "Hospital Para",
        "submittedAt": "2026-05-03T20:00:55.492432",
        "color": "#ef4444",
        "description": "Sample garbage complaint in Hospital Para"
      }
    },
    {
      "type": "Feature",
      "geometry": {
        "type": "Point",
        "coordinates": [
          88.720435,
          26.534631
        ]
      },
      "properties": {
        "id": "demo-0457",
        "complaintNumber": "CJPL-20240601-0457",
        "category": "ROAD_DAMAGE",
        "status": "ASSIGNED",
        "priorityScore": 37,
        "wardNumber": 9,
        "wardName": "Dinbazar",
        "submittedAt": "2026-04-11T21:00:55.492449",
        "color": "#f97316",
        "description": "Sample road damage complaint in Dinbazar"
      }
    },
    {
      "type": "Feature",
      "geometry": {
        "type": "Point",
        "coordinates": [
          88.717163,
          26.534398
        ]
      },
      "properties": {
        "id": "demo-0458",
        "complaintNumber": "CJPL-20240601-0458",
        "category": "ROAD_DAMAGE",
        "status": "SUBMITTED",
        "priorityScore": 72,
        "wardNumber": 10,
        "wardName": "Kotwali",
        "submittedAt": "2026-05-25T06:00:55.492477",
        "color": "#f97316",
        "description": "Sample road damage complaint in Kotwali"
      }
    },
    {
      "type": "Feature",
      "geometry": {
        "type": "Point",
        "coordinates": [
          88.718048,
          26.557431
        ]
      },
      "properties": {
        "id": "demo-0459",
        "complaintNumber": "CJPL-20240601-0459",
        "category": "GARBAGE",
        "status": "ASSIGNED",
        "priorityScore": 51,
        "wardNumber": 18,
        "wardName": "Bhagat Singh Colony",
        "submittedAt": "2026-04-02T02:00:55.492497",
        "color": "#ef4444",
        "description": "Sample garbage complaint in Bhagat Singh Colony"
      }
    },
    {
      "type": "Feature",
      "geometry": {
        "type": "Point",
        "coordinates": [
          88.69971,
          26.552679
        ]
      },
      "properties": {
        "id": "demo-0460",
        "complaintNumber": "CJPL-20240601-0460",
        "category": "ROAD_DAMAGE",
        "status": "SUBMITTED",
        "priorityScore": 81,
        "wardNumber": 1,
        "wardName": "Kadamtala",
        "submittedAt": "2026-03-16T06:00:55.492518",
        "color": "#f97316",
        "description": "Sample road damage complaint in Kadamtala"
      }
    },
    {
      "type": "Feature",
      "geometry": {
        "type": "Point",
        "coordinates": [
          88.6961,
          26.541039
        ]
      },
      "properties": {
        "id": "demo-0461",
        "complaintNumber": "CJPL-20240601-0461",
        "category": "GARBAGE",
        "status": "CLOSED",
        "priorityScore": 51,
        "wardNumber": 14,
        "wardName": "Kamat Para",
        "submittedAt": "2026-03-27T02:00:55.492537",
        "color": "#ef4444",
        "description": "Sample garbage complaint in Kamat Para"
      }
    },
    {
      "type": "Feature",
      "geometry": {
        "type": "Point",
        "coordinates": [
          88.717078,
          26.545761
        ]
      },
      "properties": {
        "id": "demo-0462",
        "complaintNumber": "CJPL-20240601-0462",
        "category": "GARBAGE",
        "status": "ASSIGNED",
        "priorityScore": 87,
        "wardNumber": 4,
        "wardName": "Station Para",
        "submittedAt": "2026-03-30T23:00:55.492554",
        "color": "#ef4444",
        "description": "Sample garbage complaint in Station Para"
      }
    },
    {
      "type": "Feature",
      "geometry": {
        "type": "Point",
        "coordinates": [
          88.729791,
          26.53788
        ]
      },
      "properties": {
        "id": "demo-0463",
        "complaintNumber": "CJPL-20240601-0463",
        "category": "WATER_LEAKAGE",
        "status": "CLOSED",
        "priorityScore": 60,
        "wardNumber": 7,
        "wardName": "Khagrabari",
        "submittedAt": "2026-04-15T10:00:55.492574",
        "color": "#3b82f6",
        "description": "Sample water leakage complaint in Khagrabari"
      }
    },
    {
      "type": "Feature",
      "geometry": {
        "type": "Point",
        "coordinates": [
          88.700778,
          26.548229
        ]
      },
      "properties": {
        "id": "demo-0464",
        "complaintNumber": "CJPL-20240601-0464",
        "category": "DRAINAGE",
        "status": "CLOSED",
        "priorityScore": 86,
        "wardNumber": 16,
        "wardName": "Kachhari Para",
        "submittedAt": "2026-06-08T07:00:55.492587",
        "color": "#8b5cf6",
        "description": "Sample drainage complaint in Kachhari Para"
      }
    },
    {
      "type": "Feature",
      "geometry": {
        "type": "Point",
        "coordinates": [
          88.714496,
          26.530999
        ]
      },
      "properties": {
        "id": "demo-0465",
        "complaintNumber": "CJPL-20240601-0465",
        "category": "GARBAGE",
        "status": "ASSIGNED",
        "priorityScore": 83,
        "wardNumber": 11,
        "wardName": "Rajganj Road",
        "submittedAt": "2026-03-18T18:00:55.492607",
        "color": "#ef4444",
        "description": "Sample garbage complaint in Rajganj Road"
      }
    },
    {
      "type": "Feature",
      "geometry": {
        "type": "Point",
        "coordinates": [
          88.721866,
          26.545611
        ]
      },
      "properties": {
        "id": "demo-0466",
        "complaintNumber": "CJPL-20240601-0466",
        "category": "GARBAGE",
        "status": "RESOLVED",
        "priorityScore": 82,
        "wardNumber": 4,
        "wardName": "Station Para",
        "submittedAt": "2026-05-06T08:00:55.492627",
        "color": "#ef4444",
        "description": "Sample garbage complaint in Station Para"
      }
    },
    {
      "type": "Feature",
      "geometry": {
        "type": "Point",
        "coordinates": [
          88.718015,
          26.547127
        ]
      },
      "properties": {
        "id": "demo-0467",
        "complaintNumber": "CJPL-20240601-0467",
        "category": "WATER_SUPPLY",
        "status": "SUBMITTED",
        "priorityScore": 87,
        "wardNumber": 3,
        "wardName": "Rajbari",
        "submittedAt": "2026-05-26T23:00:55.492648",
        "color": "#06b6d4",
        "description": "Sample water supply complaint in Rajbari"
      }
    },
    {
      "type": "Feature",
      "geometry": {
        "type": "Point",
        "coordinates": [
          88.698174,
          26.546483
        ]
      },
      "properties": {
        "id": "demo-0468",
        "complaintNumber": "CJPL-20240601-0468",
        "category": "ROAD_DAMAGE",
        "status": "RESOLVED",
        "priorityScore": 49,
        "wardNumber": 16,
        "wardName": "Kachhari Para",
        "submittedAt": "2026-05-25T02:00:55.492670",
        "color": "#f97316",
        "description": "Sample road damage complaint in Kachhari Para"
      }
    },
    {
      "type": "Feature",
      "geometry": {
        "type": "Point",
        "coordinates": [
          88.713638,
          26.548366
        ]
      },
      "properties": {
        "id": "demo-0469",
        "complaintNumber": "CJPL-20240601-0469",
        "category": "GARBAGE",
        "status": "RESOLVED",
        "priorityScore": 62,
        "wardNumber": 17,
        "wardName": "Titu Para",
        "submittedAt": "2026-04-18T20:00:55.492695",
        "color": "#ef4444",
        "description": "Sample garbage complaint in Titu Para"
      }
    },
    {
      "type": "Feature",
      "geometry": {
        "type": "Point",
        "coordinates": [
          88.715142,
          26.559698
        ]
      },
      "properties": {
        "id": "demo-0470",
        "complaintNumber": "CJPL-20240601-0470",
        "category": "DRAINAGE",
        "status": "ASSIGNED",
        "priorityScore": 60,
        "wardNumber": 18,
        "wardName": "Bhagat Singh Colony",
        "submittedAt": "2026-05-07T12:00:55.492712",
        "color": "#8b5cf6",
        "description": "Sample drainage complaint in Bhagat Singh Colony"
      }
    },
    {
      "type": "Feature",
      "geometry": {
        "type": "Point",
        "coordinates": [
          88.722849,
          26.55655
        ]
      },
      "properties": {
        "id": "demo-0471",
        "complaintNumber": "CJPL-20240601-0471",
        "category": "ROAD_DAMAGE",
        "status": "RESOLVED",
        "priorityScore": 74,
        "wardNumber": 18,
        "wardName": "Bhagat Singh Colony",
        "submittedAt": "2026-04-19T09:00:55.492728",
        "color": "#f97316",
        "description": "Sample road damage complaint in Bhagat Singh Colony"
      }
    },
    {
      "type": "Feature",
      "geometry": {
        "type": "Point",
        "coordinates": [
          88.707605,
          26.534768
        ]
      },
      "properties": {
        "id": "demo-0472",
        "complaintNumber": "CJPL-20240601-0472",
        "category": "ILLEGAL_DUMPING",
        "status": "IN_PROGRESS",
        "priorityScore": 33,
        "wardNumber": 11,
        "wardName": "Rajganj Road",
        "submittedAt": "2026-05-15T09:00:55.492749",
        "color": "#ec4899",
        "description": "Sample illegal dumping complaint in Rajganj Road"
      }
    },
    {
      "type": "Feature",
      "geometry": {
        "type": "Point",
        "coordinates": [
          88.69816,
          26.531899
        ]
      },
      "properties": {
        "id": "demo-0473",
        "complaintNumber": "CJPL-20240601-0473",
        "category": "GARBAGE",
        "status": "SUBMITTED",
        "priorityScore": 87,
        "wardNumber": 13,
        "wardName": "Babu Para",
        "submittedAt": "2026-05-02T10:00:55.492769",
        "color": "#ef4444",
        "description": "Sample garbage complaint in Babu Para"
      }
    },
    {
      "type": "Feature",
      "geometry": {
        "type": "Point",
        "coordinates": [
          88.720988,
          26.535913
        ]
      },
      "properties": {
        "id": "demo-0474",
        "complaintNumber": "CJPL-20240601-0474",
        "category": "ROAD_DAMAGE",
        "status": "ASSIGNED",
        "priorityScore": 43,
        "wardNumber": 9,
        "wardName": "Dinbazar",
        "submittedAt": "2026-04-02T12:00:55.492779",
        "color": "#f97316",
        "description": "Sample road damage complaint in Dinbazar"
      }
    },
    {
      "type": "Feature",
      "geometry": {
        "type": "Point",
        "coordinates": [
          88.71746,
          26.549878
        ]
      },
      "properties": {
        "id": "demo-0475",
        "complaintNumber": "CJPL-20240601-0475",
        "category": "DRAINAGE",
        "status": "ASSIGNED",
        "priorityScore": 60,
        "wardNumber": 3,
        "wardName": "Rajbari",
        "submittedAt": "2026-05-16T14:00:55.492795",
        "color": "#8b5cf6",
        "description": "Sample drainage complaint in Rajbari"
      }
    },
    {
      "type": "Feature",
      "geometry": {
        "type": "Point",
        "coordinates": [
          88.699889,
          26.544769
        ]
      },
      "properties": {
        "id": "demo-0476",
        "complaintNumber": "CJPL-20240601-0476",
        "category": "GARBAGE",
        "status": "ASSIGNED",
        "priorityScore": 38,
        "wardNumber": 15,
        "wardName": "Santosh Para",
        "submittedAt": "2026-04-10T09:00:55.492807",
        "color": "#ef4444",
        "description": "Sample garbage complaint in Santosh Para"
      }
    },
    {
      "type": "Feature",
      "geometry": {
        "type": "Point",
        "coordinates": [
          88.715959,
          26.532332
        ]
      },
      "properties": {
        "id": "demo-0477",
        "complaintNumber": "CJPL-20240601-0477",
        "category": "STREETLIGHT_FAILURE",
        "status": "IN_PROGRESS",
        "priorityScore": 90,
        "wardNumber": 10,
        "wardName": "Kotwali",
        "submittedAt": "2026-06-04T19:00:55.492835",
        "color": "#eab308",
        "description": "Sample streetlight failure complaint in Kotwali"
      }
    },
    {
      "type": "Feature",
      "geometry": {
        "type": "Point",
        "coordinates": [
          88.707831,
          26.53059
        ]
      },
      "properties": {
        "id": "demo-0478",
        "complaintNumber": "CJPL-20240601-0478",
        "category": "GARBAGE",
        "status": "IN_PROGRESS",
        "priorityScore": 50,
        "wardNumber": 12,
        "wardName": "Malopara",
        "submittedAt": "2026-06-10T12:00:55.492856",
        "color": "#ef4444",
        "description": "Sample garbage complaint in Malopara"
      }
    },
    {
      "type": "Feature",
      "geometry": {
        "type": "Point",
        "coordinates": [
          88.703425,
          26.552131
        ]
      },
      "properties": {
        "id": "demo-0479",
        "complaintNumber": "CJPL-20240601-0479",
        "category": "ILLEGAL_DUMPING",
        "status": "RESOLVED",
        "priorityScore": 73,
        "wardNumber": 16,
        "wardName": "Kachhari Para",
        "submittedAt": "2026-04-23T21:00:55.492886",
        "color": "#ec4899",
        "description": "Sample illegal dumping complaint in Kachhari Para"
      }
    },
    {
      "type": "Feature",
      "geometry": {
        "type": "Point",
        "coordinates": [
          88.701021,
          26.536759
        ]
      },
      "properties": {
        "id": "demo-0480",
        "complaintNumber": "CJPL-20240601-0480",
        "category": "OTHER",
        "status": "RESOLVED",
        "priorityScore": 87,
        "wardNumber": 13,
        "wardName": "Babu Para",
        "submittedAt": "2026-05-24T22:00:55.492908",
        "color": "#6b7280",
        "description": "Sample other complaint in Babu Para"
      }
    },
    {
      "type": "Feature",
      "geometry": {
        "type": "Point",
        "coordinates": [
          88.72446,
          26.549423
        ]
      },
      "properties": {
        "id": "demo-0481",
        "complaintNumber": "CJPL-20240601-0481",
        "category": "GARBAGE",
        "status": "ASSIGNED",
        "priorityScore": 58,
        "wardNumber": 4,
        "wardName": "Station Para",
        "submittedAt": "2026-04-27T18:00:55.492928",
        "color": "#ef4444",
        "description": "Sample garbage complaint in Station Para"
      }
    },
    {
      "type": "Feature",
      "geometry": {
        "type": "Point",
        "coordinates": [
          88.735659,
          26.541771
        ]
      },
      "properties": {
        "id": "demo-0482",
        "complaintNumber": "CJPL-20240601-0482",
        "category": "WATER_LEAKAGE",
        "status": "ASSIGNED",
        "priorityScore": 60,
        "wardNumber": 7,
        "wardName": "Khagrabari",
        "submittedAt": "2026-04-30T02:00:55.492967",
        "color": "#3b82f6",
        "description": "Sample water leakage complaint in Khagrabari"
      }
    },
    {
      "type": "Feature",
      "geometry": {
        "type": "Point",
        "coordinates": [
          88.717651,
          26.551897
        ]
      },
      "properties": {
        "id": "demo-0483",
        "complaintNumber": "CJPL-20240601-0483",
        "category": "DRAINAGE",
        "status": "ASSIGNED",
        "priorityScore": 64,
        "wardNumber": 18,
        "wardName": "Bhagat Singh Colony",
        "submittedAt": "2026-04-14T00:00:55.493000",
        "color": "#8b5cf6",
        "description": "Sample drainage complaint in Bhagat Singh Colony"
      }
    },
    {
      "type": "Feature",
      "geometry": {
        "type": "Point",
        "coordinates": [
          88.740309,
          26.545223
        ]
      },
      "properties": {
        "id": "demo-0484",
        "complaintNumber": "CJPL-20240601-0484",
        "category": "GARBAGE",
        "status": "RESOLVED",
        "priorityScore": 57,
        "wardNumber": 20,
        "wardName": "Paschim Palli",
        "submittedAt": "2026-06-06T15:00:55.493015",
        "color": "#ef4444",
        "description": "Sample garbage complaint in Paschim Palli"
      }
    },
    {
      "type": "Feature",
      "geometry": {
        "type": "Point",
        "coordinates": [
          88.704995,
          26.548083
        ]
      },
      "properties": {
        "id": "demo-0485",
        "complaintNumber": "CJPL-20240601-0485",
        "category": "WATER_LEAKAGE",
        "status": "ASSIGNED",
        "priorityScore": 60,
        "wardNumber": 1,
        "wardName": "Kadamtala",
        "submittedAt": "2026-03-22T23:00:55.493024",
        "color": "#3b82f6",
        "description": "Sample water leakage complaint in Kadamtala"
      }
    },
    {
      "type": "Feature",
      "geometry": {
        "type": "Point",
        "coordinates": [
          88.732512,
          26.540603
        ]
      },
      "properties": {
        "id": "demo-0486",
        "complaintNumber": "CJPL-20240601-0486",
        "category": "GARBAGE",
        "status": "RESOLVED",
        "priorityScore": 54,
        "wardNumber": 7,
        "wardName": "Khagrabari",
        "submittedAt": "2026-05-18T20:00:55.493043",
        "color": "#ef4444",
        "description": "Sample garbage complaint in Khagrabari"
      }
    },
    {
      "type": "Feature",
      "geometry": {
        "type": "Point",
        "coordinates": [
          88.704169,
          26.533653
        ]
      },
      "properties": {
        "id": "demo-0487",
        "complaintNumber": "CJPL-20240601-0487",
        "category": "WATER_LEAKAGE",
        "status": "SUBMITTED",
        "priorityScore": 60,
        "wardNumber": 12,
        "wardName": "Malopara",
        "submittedAt": "2026-05-04T23:00:55.493065",
        "color": "#3b82f6",
        "description": "Sample water leakage complaint in Malopara"
      }
    },
    {
      "type": "Feature",
      "geometry": {
        "type": "Point",
        "coordinates": [
          88.698842,
          26.536149
        ]
      },
      "properties": {
        "id": "demo-0488",
        "complaintNumber": "CJPL-20240601-0488",
        "category": "WATER_SUPPLY",
        "status": "SUBMITTED",
        "priorityScore": 73,
        "wardNumber": 14,
        "wardName": "Kamat Para",
        "submittedAt": "2026-05-30T12:00:55.493085",
        "color": "#06b6d4",
        "description": "Sample water supply complaint in Kamat Para"
      }
    },
    {
      "type": "Feature",
      "geometry": {
        "type": "Point",
        "coordinates": [
          88.717521,
          26.552995
        ]
      },
      "properties": {
        "id": "demo-0489",
        "complaintNumber": "CJPL-20240601-0489",
        "category": "WATER_LEAKAGE",
        "status": "ASSIGNED",
        "priorityScore": 60,
        "wardNumber": 3,
        "wardName": "Rajbari",
        "submittedAt": "2026-06-08T19:00:55.493104",
        "color": "#3b82f6",
        "description": "Sample water leakage complaint in Rajbari"
      }
    },
    {
      "type": "Feature",
      "geometry": {
        "type": "Point",
        "coordinates": [
          88.739024,
          26.542635
        ]
      },
      "properties": {
        "id": "demo-0490",
        "complaintNumber": "CJPL-20240601-0490",
        "category": "GARBAGE",
        "status": "SUBMITTED",
        "priorityScore": 65,
        "wardNumber": 7,
        "wardName": "Khagrabari",
        "submittedAt": "2026-05-21T21:00:55.493117",
        "color": "#ef4444",
        "description": "Sample garbage complaint in Khagrabari"
      }
    },
    {
      "type": "Feature",
      "geometry": {
        "type": "Point",
        "coordinates": [
          88.708097,
          26.533568
        ]
      },
      "properties": {
        "id": "demo-0491",
        "complaintNumber": "CJPL-20240601-0491",
        "category": "DRAINAGE",
        "status": "IN_PROGRESS",
        "priorityScore": 60,
        "wardNumber": 11,
        "wardName": "Rajganj Road",
        "submittedAt": "2026-04-25T19:00:55.493136",
        "color": "#8b5cf6",
        "description": "Sample drainage complaint in Rajganj Road"
      }
    },
    {
      "type": "Feature",
      "geometry": {
        "type": "Point",
        "coordinates": [
          88.720052,
          26.5444
        ]
      },
      "properties": {
        "id": "demo-0492",
        "complaintNumber": "CJPL-20240601-0492",
        "category": "WATER_LEAKAGE",
        "status": "CLOSED",
        "priorityScore": 60,
        "wardNumber": 4,
        "wardName": "Station Para",
        "submittedAt": "2026-03-21T21:00:55.493154",
        "color": "#3b82f6",
        "description": "Sample water leakage complaint in Station Para"
      }
    },
    {
      "type": "Feature",
      "geometry": {
        "type": "Point",
        "coordinates": [
          88.728824,
          26.540261
        ]
      },
      "properties": {
        "id": "demo-0493",
        "complaintNumber": "CJPL-20240601-0493",
        "category": "GARBAGE",
        "status": "IN_PROGRESS",
        "priorityScore": 70,
        "wardNumber": 5,
        "wardName": "Hospital Para",
        "submittedAt": "2026-05-06T14:00:55.493166",
        "color": "#ef4444",
        "description": "Sample garbage complaint in Hospital Para"
      }
    },
    {
      "type": "Feature",
      "geometry": {
        "type": "Point",
        "coordinates": [
          88.719617,
          26.541843
        ]
      },
      "properties": {
        "id": "demo-0494",
        "complaintNumber": "CJPL-20240601-0494",
        "category": "GARBAGE",
        "status": "CLOSED",
        "priorityScore": 30,
        "wardNumber": 4,
        "wardName": "Station Para",
        "submittedAt": "2026-03-26T17:00:55.493180",
        "color": "#ef4444",
        "description": "Sample garbage complaint in Station Para"
      }
    },
    {
      "type": "Feature",
      "geometry": {
        "type": "Point",
        "coordinates": [
          88.741707,
          26.549392
        ]
      },
      "properties": {
        "id": "demo-0495",
        "complaintNumber": "CJPL-20240601-0495",
        "category": "ILLEGAL_DUMPING",
        "status": "ASSIGNED",
        "priorityScore": 69,
        "wardNumber": 20,
        "wardName": "Paschim Palli",
        "submittedAt": "2026-03-20T22:00:55.493199",
        "color": "#ec4899",
        "description": "Sample illegal dumping complaint in Paschim Palli"
      }
    },
    {
      "type": "Feature",
      "geometry": {
        "type": "Point",
        "coordinates": [
          88.717147,
          26.549062
        ]
      },
      "properties": {
        "id": "demo-0496",
        "complaintNumber": "CJPL-20240601-0496",
        "category": "DRAINAGE",
        "status": "RESOLVED",
        "priorityScore": 60,
        "wardNumber": 3,
        "wardName": "Rajbari",
        "submittedAt": "2026-03-30T08:00:55.493220",
        "color": "#8b5cf6",
        "description": "Sample drainage complaint in Rajbari"
      }
    },
    {
      "type": "Feature",
      "geometry": {
        "type": "Point",
        "coordinates": [
          88.69681,
          26.5351
        ]
      },
      "properties": {
        "id": "demo-0497",
        "complaintNumber": "CJPL-20240601-0497",
        "category": "DRAINAGE",
        "status": "IN_PROGRESS",
        "priorityScore": 76,
        "wardNumber": 13,
        "wardName": "Babu Para",
        "submittedAt": "2026-06-07T06:00:55.493245",
        "color": "#8b5cf6",
        "description": "Sample drainage complaint in Babu Para"
      }
    },
    {
      "type": "Feature",
      "geometry": {
        "type": "Point",
        "coordinates": [
          88.728002,
          26.549631
        ]
      },
      "properties": {
        "id": "demo-0498",
        "complaintNumber": "CJPL-20240601-0498",
        "category": "WATER_LEAKAGE",
        "status": "SUBMITTED",
        "priorityScore": 76,
        "wardNumber": 19,
        "wardName": "Purba Jalpaiguri",
        "submittedAt": "2026-04-21T22:00:55.493269",
        "color": "#3b82f6",
        "description": "Sample water leakage complaint in Purba Jalpaiguri"
      }
    },
    {
      "type": "Feature",
      "geometry": {
        "type": "Point",
        "coordinates": [
          88.719758,
          26.554899
        ]
      },
      "properties": {
        "id": "demo-0499",
        "complaintNumber": "CJPL-20240601-0499",
        "category": "WATER_LEAKAGE",
        "status": "IN_PROGRESS",
        "priorityScore": 60,
        "wardNumber": 18,
        "wardName": "Bhagat Singh Colony",
        "submittedAt": "2026-03-19T23:00:55.493290",
        "color": "#3b82f6",
        "description": "Sample water leakage complaint in Bhagat Singh Colony"
      }
    },
    {
      "type": "Feature",
      "geometry": {
        "type": "Point",
        "coordinates": [
          88.714524,
          26.530521
        ]
      },
      "properties": {
        "id": "demo-0500",
        "complaintNumber": "CJPL-20240601-0500",
        "category": "GARBAGE",
        "status": "RESOLVED",
        "priorityScore": 65,
        "wardNumber": 10,
        "wardName": "Kotwali",
        "submittedAt": "2026-06-08T20:00:55.493310",
        "color": "#ef4444",
        "description": "Sample garbage complaint in Kotwali"
      }
    }
  ]
}